-- phpMyAdmin SQL Dump
-- version 4.8.3
-- https://www.phpmyadmin.net/
--
-- Hôte : 127.0.0.1:3306
-- Généré le :  ven. 01 fév. 2019 à 19:50
-- Version du serveur :  5.7.23
-- Version de PHP :  7.2.10

SET SQL_MODE = "NO_AUTO_VALUE_ON_ZERO";
SET AUTOCOMMIT = 0;
START TRANSACTION;
SET time_zone = "+00:00";


/*!40101 SET @OLD_CHARACTER_SET_CLIENT=@@CHARACTER_SET_CLIENT */;
/*!40101 SET @OLD_CHARACTER_SET_RESULTS=@@CHARACTER_SET_RESULTS */;
/*!40101 SET @OLD_COLLATION_CONNECTION=@@COLLATION_CONNECTION */;
/*!40101 SET NAMES utf8mb4 */;

--
-- Base de données :  `fighthub`
--

-- --------------------------------------------------------

--
-- Structure de la table `authors`
--

DROP TABLE IF EXISTS `authors`;
CREATE TABLE IF NOT EXISTS `authors` (
  `id` bigint(20) UNSIGNED NOT NULL AUTO_INCREMENT,
  `firstname` varchar(30) NOT NULL,
  `lastname` varchar(30) NOT NULL,
  `email` varchar(30) NOT NULL,
  `password` varchar(255) NOT NULL,
  `image` varchar(50) NOT NULL,
  `level` int(1) NOT NULL,
  `citation` mediumtext NOT NULL,
  `description` longtext NOT NULL,
  PRIMARY KEY (`id`)
) ENGINE=InnoDB AUTO_INCREMENT=5 DEFAULT CHARSET=utf8;

--
-- Déchargement des données de la table `authors`
--

INSERT INTO `authors` (`id`, `firstname`, `lastname`, `email`, `password`, `image`, `level`, `citation`, `description`) VALUES
(1, 'johnathan', 'boomer', 'john.boomer@bagarre.fr', '5f4dcc3b5aa765d61d8327deb882cf99', 'jason.jpg', 2, 'Moi, quand je vois du sang, je suis content', 'Johnathan, dit \"Natha\" a 31 ans et ne vit que pour voir le monde s\'écrouler encore et encore au gré de bons films d\'action. Il est bloggeur professionnel et n\'attache aucune importances aux \"on dit\". Il a un master en économie médiévale et aime les sushis-cuits'),
(2, 'vincent', 'renauld', 'vinc.renauld@bagarre.fr', '5f4dcc3b5aa765d61d8327deb882cf99', 'dolph.jpg', 2, 'Fan de Jésus De Nazarette 2 : Le Retour', 'Vincent à 29 ans et pense que la terre est carrée, il a d\'ailleurs écrit un livre à ce sujet. Il n\'aime pas le fromage de chèvre car \"ça hume comme dans un vestiaire de footeux après une défaite\", il a une licence en sciences humaines et depuis est reparti vivre chez sa mère.'),
(3, 'benoît', 'foucoh', 'ben.foucoh@bagarre.fr', '5f4dcc3b5aa765d61d8327deb882cf99', 'stallone.jpg', 2, 'Des dents qui volent, c\'est comme un message que l\'univers m\'envoie : sois-toi même', 'Benoît à 38 ans, il aime les animaux, a tel point qu\'il a passé son CAP de Boucher en complément de son Doctorat en Biologie marine des fossiles anthiques. Il sait lécher son coude avec son oreille, et connait parfaitement le polonais : lu, écrit, craché.'),
(4, 'baboulinet', '', 'baboulinet@bagarre.fr', '5f4dcc3b5aa765d61d8327deb882cf99', 'vin-diesel.jpg', 1, 'Une trilogie réussie, c\'est 8 films minimum', 'Baboulinet, de son vrai nom \"Mark Sainclair\" est LE rédac-tueur et fondateur de FightHub, il aime les promenades au clair de lune et la taxidermie infantile. Tout dans les muscles, rien dans la caboche, il sait développer-coucher son code avec un doigt.');

-- --------------------------------------------------------

--
-- Structure de la table `categories`
--

DROP TABLE IF EXISTS `categories`;
CREATE TABLE IF NOT EXISTS `categories` (
  `id` bigint(20) UNSIGNED NOT NULL AUTO_INCREMENT,
  `name` varchar(30) NOT NULL,
  `description` text NOT NULL,
  PRIMARY KEY (`id`)
) ENGINE=InnoDB AUTO_INCREMENT=9 DEFAULT CHARSET=utf8;

--
-- Déchargement des données de la table `categories`
--

INSERT INTO `categories` (`id`, `name`, `description`) VALUES
(1, 'Sang Les Dents', 'Y\'a pas que les bonbons qui font tomber les dents !'),
(2, 'Crépage de Chignons', 'Les fighteurs du dimanche.'),
(3, 'Massacre a la hache', 'Ça va laisser des traces.'),
(4, 'Les Weshs sont VnR', 'La teu-ci en folie.'),
(5, 'Coup de poings', 'Même pas mal.'),
(6, 'Lanceur de couteaux', 'Ceux qui ont besoin d\'une arme pour montrer qu\'ils sont des hommes.'),
(7, 'Cannibal', 'Un homme, un vrai, ça goûte a tout !'),
(8, 'Bagarre Fesses Fesses', 'Parce que des fois, l\'amour naît dans la violence...');

-- --------------------------------------------------------

--
-- Structure de la table `posts`
--

DROP TABLE IF EXISTS `posts`;
CREATE TABLE IF NOT EXISTS `posts` (
  `id` bigint(20) UNSIGNED NOT NULL AUTO_INCREMENT,
  `title` tinytext NOT NULL,
  `content` longtext NOT NULL,
  `id_cat` bigint(20) UNSIGNED NOT NULL,
  `id_auth` bigint(20) UNSIGNED NOT NULL,
  `image` varchar(50) NOT NULL,
  `created_date` datetime NOT NULL,
  `updated_date` datetime DEFAULT NULL,
  PRIMARY KEY (`id`),
  KEY `id_cat` (`id_cat`),
  KEY `id_auth` (`id_auth`)
) ENGINE=InnoDB AUTO_INCREMENT=35 DEFAULT CHARSET=utf8;

--
-- Déchargement des données de la table `posts`
--

INSERT INTO `posts` (`id`, `title`, `content`, `id_cat`, `id_auth`, `image`, `created_date`, `updated_date`) VALUES
(1, 'NOS COUPS DE COEUR BAGARRE !', 'Lorem ipsum dolor sit amet, consectetur adipiscing elit. Ut at ultrices elit, eu convallis ligula. Proin eu orci lacus. Sed ullamcorper sit amet est laoreet consequat. Donec in finibus ante, eu tristique turpis. Duis sit amet massa et sem tristique pretium. Nunc hendrerit ligula sit amet felis ultricies, vitae feugiat risus semper. Suspendisse eu tristique mi, vitae consequat dui. Suspendisse euismod faucibus urna vitae ullamcorper. Mauris bibendum vel lectus nec lacinia. Aliquam eu sapien leo. Integer luctus nibh nibh, sit amet accumsan metus tincidunt vel. Integer sed ultrices tortor. Fusce et neque nisl. Suspendisse vehicula, metus quis vulputate gravida, nulla orci finibus dolor, quis consectetur libero velit nec neque. Mauris eget enim quis risus bibendum facilisis.\r\n\r\nFusce ut leo iaculis, commodo magna non, consectetur libero. Sed non sollicitudin justo. Maecenas eget faucibus libero. Nunc rutrum orci et faucibus rutrum. Sed blandit suscipit ornare. Suspendisse potenti. Morbi elit quam, vestibulum aliquam velit et, imperdiet pretium urna. Sed fringilla aliquam vulputate. Morbi euismod ex sit amet libero dapibus viverra. Vivamus mi justo, commodo vitae sodales vel, gravida ac nibh. Etiam dui magna, posuere nec ipsum sit amet, faucibus feugiat nibh. Cras suscipit volutpat velit, vel tincidunt nibh finibus non. Praesent eleifend turpis malesuada tortor commodo consectetur. Morbi vehicula ultricies posuere.\r\n\r\nMaecenas ullamcorper diam augue, at maximus odio vehicula et. Nulla sit amet tristique lacus. Aenean metus orci, facilisis et nunc convallis, aliquam molestie erat. Nunc vel nibh porta, semper risus nec, dapibus felis. Nullam vel metus tristique, venenatis nunc eget, euismod turpis. Proin in ipsum et lorem hendrerit feugiat at vitae lectus. Donec condimentum risus ut dui mollis, sit amet dictum risus porttitor. Vestibulum ante ipsum primis in faucibus orci luctus et ultrices posuere cubilia Curae; Donec elementum est nulla, quis pretium dolor facilisis a. Aliquam bibendum, urna iaculis mattis imperdiet, felis tortor facilisis sem, at egestas nisl mauris vel quam. Etiam facilisis eros vitae libero cursus, rhoncus rhoncus felis laoreet. Phasellus a blandit sapien. Vivamus vitae urna sit amet ante interdum pulvinar.\r\n\r\nDuis arcu enim, cursus nec turpis a, cursus tristique metus. Nam commodo laoreet dolor, blandit luctus diam congue interdum. Maecenas imperdiet, justo id porttitor accumsan, mi purus convallis sapien, id ullamcorper elit neque eu eros. In hendrerit elementum sollicitudin. Fusce pulvinar tincidunt nisi, in dignissim odio laoreet quis. Phasellus dignissim lacus justo, nec sodales ex commodo vel. Pellentesque habitant morbi tristique senectus et netus et malesuada fames ac turpis egestas. Etiam lacinia convallis dui suscipit gravida.\r\n\r\nProin eget lorem placerat, hendrerit elit sit amet, gravida nunc. Quisque ut nisi et justo feugiat faucibus et non metus. Vivamus finibus sapien augue, ut suscipit lorem vestibulum vitae. Donec eu volutpat dui. Aenean tempus scelerisque justo ac porttitor. Proin tristique dui sed suscipit convallis. Nunc vel dolor lacus. Donec ornare risus eu nibh consectetur hendrerit. Vestibulum sagittis suscipit orci vel rhoncus. Ut nec blandit massa. In sit amet diam dolor.', 1, 4, 'bagarre.jpg', '2019-01-28 11:31:00', NULL),
(2, 'GROSSE BAGARRE LE 31 FÉVRIER A JAUDE !', 'Lorem ipsum dolor sit amet, consectetur adipiscing elit. Ut at ultrices elit, eu convallis ligula. Proin eu orci lacus. Sed ullamcorper sit amet est laoreet consequat. Donec in finibus ante, eu tristique turpis. Duis sit amet massa et sem tristique pretium. Nunc hendrerit ligula sit amet felis ultricies, vitae feugiat risus semper. Suspendisse eu tristique mi, vitae consequat dui. Suspendisse euismod faucibus urna vitae ullamcorper. Mauris bibendum vel lectus nec lacinia. Aliquam eu sapien leo. Integer luctus nibh nibh, sit amet accumsan metus tincidunt vel. Integer sed ultrices tortor. Fusce et neque nisl. Suspendisse vehicula, metus quis vulputate gravida, nulla orci finibus dolor, quis consectetur libero velit nec neque. Mauris eget enim quis risus bibendum facilisis.\r\n\r\nFusce ut leo iaculis, commodo magna non, consectetur libero. Sed non sollicitudin justo. Maecenas eget faucibus libero. Nunc rutrum orci et faucibus rutrum. Sed blandit suscipit ornare. Suspendisse potenti. Morbi elit quam, vestibulum aliquam velit et, imperdiet pretium urna. Sed fringilla aliquam vulputate. Morbi euismod ex sit amet libero dapibus viverra. Vivamus mi justo, commodo vitae sodales vel, gravida ac nibh. Etiam dui magna, posuere nec ipsum sit amet, faucibus feugiat nibh. Cras suscipit volutpat velit, vel tincidunt nibh finibus non. Praesent eleifend turpis malesuada tortor commodo consectetur. Morbi vehicula ultricies posuere.\r\n\r\nMaecenas ullamcorper diam augue, at maximus odio vehicula et. Nulla sit amet tristique lacus. Aenean metus orci, facilisis et nunc convallis, aliquam molestie erat. Nunc vel nibh porta, semper risus nec, dapibus felis. Nullam vel metus tristique, venenatis nunc eget, euismod turpis. Proin in ipsum et lorem hendrerit feugiat at vitae lectus. Donec condimentum risus ut dui mollis, sit amet dictum risus porttitor. Vestibulum ante ipsum primis in faucibus orci luctus et ultrices posuere cubilia Curae; Donec elementum est nulla, quis pretium dolor facilisis a. Aliquam bibendum, urna iaculis mattis imperdiet, felis tortor facilisis sem, at egestas nisl mauris vel quam. Etiam facilisis eros vitae libero cursus, rhoncus rhoncus felis laoreet. Phasellus a blandit sapien. Vivamus vitae urna sit amet ante interdum pulvinar.\r\n\r\nDuis arcu enim, cursus nec turpis a, cursus tristique metus. Nam commodo laoreet dolor, blandit luctus diam congue interdum. Maecenas imperdiet, justo id porttitor accumsan, mi purus convallis sapien, id ullamcorper elit neque eu eros. In hendrerit elementum sollicitudin. Fusce pulvinar tincidunt nisi, in dignissim odio laoreet quis. Phasellus dignissim lacus justo, nec sodales ex commodo vel. Pellentesque habitant morbi tristique senectus et netus et malesuada fames ac turpis egestas. Etiam lacinia convallis dui suscipit gravida.\r\n\r\nProin eget lorem placerat, hendrerit elit sit amet, gravida nunc. Quisque ut nisi et justo feugiat faucibus et non metus. Vivamus finibus sapien augue, ut suscipit lorem vestibulum vitae. Donec eu volutpat dui. Aenean tempus scelerisque justo ac porttitor. Proin tristique dui sed suscipit convallis. Nunc vel dolor lacus. Donec ornare risus eu nibh consectetur hendrerit. Vestibulum sagittis suscipit orci vel rhoncus. Ut nec blandit massa. In sit amet diam dolor.', 5, 3, 'jaude.jpg', '2019-01-27 16:20:00', NULL),
(3, 'Il a dévoré ses adversaires', 'Lorem ipsum dolor sit amet, consectetur adipiscing elit. Ut at ultrices elit, eu convallis ligula. Proin eu orci lacus. Sed ullamcorper sit amet est laoreet consequat. Donec in finibus ante, eu tristique turpis. Duis sit amet massa et sem tristique pretium. Nunc hendrerit ligula sit amet felis ultricies, vitae feugiat risus semper. Suspendisse eu tristique mi, vitae consequat dui. Suspendisse euismod faucibus urna vitae ullamcorper. Mauris bibendum vel lectus nec lacinia. Aliquam eu sapien leo. Integer luctus nibh nibh, sit amet accumsan metus tincidunt vel. Integer sed ultrices tortor. Fusce et neque nisl. Suspendisse vehicula, metus quis vulputate gravida, nulla orci finibus dolor, quis consectetur libero velit nec neque. Mauris eget enim quis risus bibendum facilisis.\r\n\r\nFusce ut leo iaculis, commodo magna non, consectetur libero. Sed non sollicitudin justo. Maecenas eget faucibus libero. Nunc rutrum orci et faucibus rutrum. Sed blandit suscipit ornare. Suspendisse potenti. Morbi elit quam, vestibulum aliquam velit et, imperdiet pretium urna. Sed fringilla aliquam vulputate. Morbi euismod ex sit amet libero dapibus viverra. Vivamus mi justo, commodo vitae sodales vel, gravida ac nibh. Etiam dui magna, posuere nec ipsum sit amet, faucibus feugiat nibh. Cras suscipit volutpat velit, vel tincidunt nibh finibus non. Praesent eleifend turpis malesuada tortor commodo consectetur. Morbi vehicula ultricies posuere.\r\n\r\nMaecenas ullamcorper diam augue, at maximus odio vehicula et. Nulla sit amet tristique lacus. Aenean metus orci, facilisis et nunc convallis, aliquam molestie erat. Nunc vel nibh porta, semper risus nec, dapibus felis. Nullam vel metus tristique, venenatis nunc eget, euismod turpis. Proin in ipsum et lorem hendrerit feugiat at vitae lectus. Donec condimentum risus ut dui mollis, sit amet dictum risus porttitor. Vestibulum ante ipsum primis in faucibus orci luctus et ultrices posuere cubilia Curae; Donec elementum est nulla, quis pretium dolor facilisis a. Aliquam bibendum, urna iaculis mattis imperdiet, felis tortor facilisis sem, at egestas nisl mauris vel quam. Etiam facilisis eros vitae libero cursus, rhoncus rhoncus felis laoreet. Phasellus a blandit sapien. Vivamus vitae urna sit amet ante interdum pulvinar.\r\n\r\nDuis arcu enim, cursus nec turpis a, cursus tristique metus. Nam commodo laoreet dolor, blandit luctus diam congue interdum. Maecenas imperdiet, justo id porttitor accumsan, mi purus convallis sapien, id ullamcorper elit neque eu eros. In hendrerit elementum sollicitudin. Fusce pulvinar tincidunt nisi, in dignissim odio laoreet quis. Phasellus dignissim lacus justo, nec sodales ex commodo vel. Pellentesque habitant morbi tristique senectus et netus et malesuada fames ac turpis egestas. Etiam lacinia convallis dui suscipit gravida.\r\n\r\nProin eget lorem placerat, hendrerit elit sit amet, gravida nunc. Quisque ut nisi et justo feugiat faucibus et non metus. Vivamus finibus sapien augue, ut suscipit lorem vestibulum vitae. Donec eu volutpat dui. Aenean tempus scelerisque justo ac porttitor. Proin tristique dui sed suscipit convallis. Nunc vel dolor lacus. Donec ornare risus eu nibh consectetur hendrerit. Vestibulum sagittis suscipit orci vel rhoncus. Ut nec blandit massa. In sit amet diam dolor.', 7, 4, 'cannibal.jpg', '2019-01-17 00:00:00', NULL),
(4, 'Booba/kaaris : La revanche ?', 'Lorem ipsum dolor sit amet, consectetur adipiscing elit. Ut at ultrices elit, eu convallis ligula. Proin eu orci lacus. Sed ullamcorper sit amet est laoreet consequat. Donec in finibus ante, eu tristique turpis. Duis sit amet massa et sem tristique pretium. Nunc hendrerit ligula sit amet felis ultricies, vitae feugiat risus semper. Suspendisse eu tristique mi, vitae consequat dui. Suspendisse euismod faucibus urna vitae ullamcorper. Mauris bibendum vel lectus nec lacinia. Aliquam eu sapien leo. Integer luctus nibh nibh, sit amet accumsan metus tincidunt vel. Integer sed ultrices tortor. Fusce et neque nisl. Suspendisse vehicula, metus quis vulputate gravida, nulla orci finibus dolor, quis consectetur libero velit nec neque. Mauris eget enim quis risus bibendum facilisis.\r\n\r\nFusce ut leo iaculis, commodo magna non, consectetur libero. Sed non sollicitudin justo. Maecenas eget faucibus libero. Nunc rutrum orci et faucibus rutrum. Sed blandit suscipit ornare. Suspendisse potenti. Morbi elit quam, vestibulum aliquam velit et, imperdiet pretium urna. Sed fringilla aliquam vulputate. Morbi euismod ex sit amet libero dapibus viverra. Vivamus mi justo, commodo vitae sodales vel, gravida ac nibh. Etiam dui magna, posuere nec ipsum sit amet, faucibus feugiat nibh. Cras suscipit volutpat velit, vel tincidunt nibh finibus non. Praesent eleifend turpis malesuada tortor commodo consectetur. Morbi vehicula ultricies posuere.\r\n\r\nMaecenas ullamcorper diam augue, at maximus odio vehicula et. Nulla sit amet tristique lacus. Aenean metus orci, facilisis et nunc convallis, aliquam molestie erat. Nunc vel nibh porta, semper risus nec, dapibus felis. Nullam vel metus tristique, venenatis nunc eget, euismod turpis. Proin in ipsum et lorem hendrerit feugiat at vitae lectus. Donec condimentum risus ut dui mollis, sit amet dictum risus porttitor. Vestibulum ante ipsum primis in faucibus orci luctus et ultrices posuere cubilia Curae; Donec elementum est nulla, quis pretium dolor facilisis a. Aliquam bibendum, urna iaculis mattis imperdiet, felis tortor facilisis sem, at egestas nisl mauris vel quam. Etiam facilisis eros vitae libero cursus, rhoncus rhoncus felis laoreet. Phasellus a blandit sapien. Vivamus vitae urna sit amet ante interdum pulvinar.\r\n\r\nDuis arcu enim, cursus nec turpis a, cursus tristique metus. Nam commodo laoreet dolor, blandit luctus diam congue interdum. Maecenas imperdiet, justo id porttitor accumsan, mi purus convallis sapien, id ullamcorper elit neque eu eros. In hendrerit elementum sollicitudin. Fusce pulvinar tincidunt nisi, in dignissim odio laoreet quis. Phasellus dignissim lacus justo, nec sodales ex commodo vel. Pellentesque habitant morbi tristique senectus et netus et malesuada fames ac turpis egestas. Etiam lacinia convallis dui suscipit gravida.\r\n\r\nProin eget lorem placerat, hendrerit elit sit amet, gravida nunc. Quisque ut nisi et justo feugiat faucibus et non metus. Vivamus finibus sapien augue, ut suscipit lorem vestibulum vitae. Donec eu volutpat dui. Aenean tempus scelerisque justo ac porttitor. Proin tristique dui sed suscipit convallis. Nunc vel dolor lacus. Donec ornare risus eu nibh consectetur hendrerit. Vestibulum sagittis suscipit orci vel rhoncus. Ut nec blandit massa. In sit amet diam dolor.', 4, 2, 'booba-kaaris.jpg', '2019-01-09 11:14:00', NULL),
(5, 'Gilets jaunes / Crs : le combat du siècle', 'Lorem ipsum dolor sit amet, consectetur adipiscing elit. Ut at ultrices elit, eu convallis ligula. Proin eu orci lacus. Sed ullamcorper sit amet est laoreet consequat. Donec in finibus ante, eu tristique turpis. Duis sit amet massa et sem tristique pretium. Nunc hendrerit ligula sit amet felis ultricies, vitae feugiat risus semper. Suspendisse eu tristique mi, vitae consequat dui. Suspendisse euismod faucibus urna vitae ullamcorper. Mauris bibendum vel lectus nec lacinia. Aliquam eu sapien leo. Integer luctus nibh nibh, sit amet accumsan metus tincidunt vel. Integer sed ultrices tortor. Fusce et neque nisl. Suspendisse vehicula, metus quis vulputate gravida, nulla orci finibus dolor, quis consectetur libero velit nec neque. Mauris eget enim quis risus bibendum facilisis.\r\n\r\nFusce ut leo iaculis, commodo magna non, consectetur libero. Sed non sollicitudin justo. Maecenas eget faucibus libero. Nunc rutrum orci et faucibus rutrum. Sed blandit suscipit ornare. Suspendisse potenti. Morbi elit quam, vestibulum aliquam velit et, imperdiet pretium urna. Sed fringilla aliquam vulputate. Morbi euismod ex sit amet libero dapibus viverra. Vivamus mi justo, commodo vitae sodales vel, gravida ac nibh. Etiam dui magna, posuere nec ipsum sit amet, faucibus feugiat nibh. Cras suscipit volutpat velit, vel tincidunt nibh finibus non. Praesent eleifend turpis malesuada tortor commodo consectetur. Morbi vehicula ultricies posuere.\r\n\r\nMaecenas ullamcorper diam augue, at maximus odio vehicula et. Nulla sit amet tristique lacus. Aenean metus orci, facilisis et nunc convallis, aliquam molestie erat. Nunc vel nibh porta, semper risus nec, dapibus felis. Nullam vel metus tristique, venenatis nunc eget, euismod turpis. Proin in ipsum et lorem hendrerit feugiat at vitae lectus. Donec condimentum risus ut dui mollis, sit amet dictum risus porttitor. Vestibulum ante ipsum primis in faucibus orci luctus et ultrices posuere cubilia Curae; Donec elementum est nulla, quis pretium dolor facilisis a. Aliquam bibendum, urna iaculis mattis imperdiet, felis tortor facilisis sem, at egestas nisl mauris vel quam. Etiam facilisis eros vitae libero cursus, rhoncus rhoncus felis laoreet. Phasellus a blandit sapien. Vivamus vitae urna sit amet ante interdum pulvinar.\r\n\r\nDuis arcu enim, cursus nec turpis a, cursus tristique metus. Nam commodo laoreet dolor, blandit luctus diam congue interdum. Maecenas imperdiet, justo id porttitor accumsan, mi purus convallis sapien, id ullamcorper elit neque eu eros. In hendrerit elementum sollicitudin. Fusce pulvinar tincidunt nisi, in dignissim odio laoreet quis. Phasellus dignissim lacus justo, nec sodales ex commodo vel. Pellentesque habitant morbi tristique senectus et netus et malesuada fames ac turpis egestas. Etiam lacinia convallis dui suscipit gravida.\r\n\r\nProin eget lorem placerat, hendrerit elit sit amet, gravida nunc. Quisque ut nisi et justo feugiat faucibus et non metus. Vivamus finibus sapien augue, ut suscipit lorem vestibulum vitae. Donec eu volutpat dui. Aenean tempus scelerisque justo ac porttitor. Proin tristique dui sed suscipit convallis. Nunc vel dolor lacus. Donec ornare risus eu nibh consectetur hendrerit. Vestibulum sagittis suscipit orci vel rhoncus. Ut nec blandit massa. In sit amet diam dolor.', 5, 3, 'gilletjaunes.jpg', '2019-01-09 16:44:00', '2019-01-28 10:55:10'),
(6, 'Tuto aiguisage de lame', 'Lorem ipsum dolor sit amet, consectetur adipiscing elit. Ut at ultrices elit, eu convallis ligula. Proin eu orci lacus. Sed ullamcorper sit amet est laoreet consequat. Donec in finibus ante, eu tristique turpis. Duis sit amet massa et sem tristique pretium. Nunc hendrerit ligula sit amet felis ultricies, vitae feugiat risus semper. Suspendisse eu tristique mi, vitae consequat dui. Suspendisse euismod faucibus urna vitae ullamcorper. Mauris bibendum vel lectus nec lacinia. Aliquam eu sapien leo. Integer luctus nibh nibh, sit amet accumsan metus tincidunt vel. Integer sed ultrices tortor. Fusce et neque nisl. Suspendisse vehicula, metus quis vulputate gravida, nulla orci finibus dolor, quis consectetur libero velit nec neque. Mauris eget enim quis risus bibendum facilisis.\r\n\r\nFusce ut leo iaculis, commodo magna non, consectetur libero. Sed non sollicitudin justo. Maecenas eget faucibus libero. Nunc rutrum orci et faucibus rutrum. Sed blandit suscipit ornare. Suspendisse potenti. Morbi elit quam, vestibulum aliquam velit et, imperdiet pretium urna. Sed fringilla aliquam vulputate. Morbi euismod ex sit amet libero dapibus viverra. Vivamus mi justo, commodo vitae sodales vel, gravida ac nibh. Etiam dui magna, posuere nec ipsum sit amet, faucibus feugiat nibh. Cras suscipit volutpat velit, vel tincidunt nibh finibus non. Praesent eleifend turpis malesuada tortor commodo consectetur. Morbi vehicula ultricies posuere.\r\n\r\nMaecenas ullamcorper diam augue, at maximus odio vehicula et. Nulla sit amet tristique lacus. Aenean metus orci, facilisis et nunc convallis, aliquam molestie erat. Nunc vel nibh porta, semper risus nec, dapibus felis. Nullam vel metus tristique, venenatis nunc eget, euismod turpis. Proin in ipsum et lorem hendrerit feugiat at vitae lectus. Donec condimentum risus ut dui mollis, sit amet dictum risus porttitor. Vestibulum ante ipsum primis in faucibus orci luctus et ultrices posuere cubilia Curae; Donec elementum est nulla, quis pretium dolor facilisis a. Aliquam bibendum, urna iaculis mattis imperdiet, felis tortor facilisis sem, at egestas nisl mauris vel quam. Etiam facilisis eros vitae libero cursus, rhoncus rhoncus felis laoreet. Phasellus a blandit sapien. Vivamus vitae urna sit amet ante interdum pulvinar.\r\n\r\nDuis arcu enim, cursus nec turpis a, cursus tristique metus. Nam commodo laoreet dolor, blandit luctus diam congue interdum. Maecenas imperdiet, justo id porttitor accumsan, mi purus convallis sapien, id ullamcorper elit neque eu eros. In hendrerit elementum sollicitudin. Fusce pulvinar tincidunt nisi, in dignissim odio laoreet quis. Phasellus dignissim lacus justo, nec sodales ex commodo vel. Pellentesque habitant morbi tristique senectus et netus et malesuada fames ac turpis egestas. Etiam lacinia convallis dui suscipit gravida.\r\n\r\nProin eget lorem placerat, hendrerit elit sit amet, gravida nunc. Quisque ut nisi et justo feugiat faucibus et non metus. Vivamus finibus sapien augue, ut suscipit lorem vestibulum vitae. Donec eu volutpat dui. Aenean tempus scelerisque justo ac porttitor. Proin tristique dui sed suscipit convallis. Nunc vel dolor lacus. Donec ornare risus eu nibh consectetur hendrerit. Vestibulum sagittis suscipit orci vel rhoncus. Ut nec blandit massa. In sit amet diam dolor.', 3, 1, 'aiguisage.jpg', '2019-01-01 15:12:00', '2019-01-28 10:55:10'),
(7, 'GROSSE BAGARRE LE 31 FÉVRIER A JAUDE !', 'Lorem ipsum dolor sit amet, consectetur adipiscing elit. Ut at ultrices elit, eu convallis ligula. Proin eu orci lacus. Sed ullamcorper sit amet est laoreet consequat. Donec in finibus ante, eu tristique turpis. Duis sit amet massa et sem tristique pretium. Nunc hendrerit ligula sit amet felis ultricies, vitae feugiat risus semper. Suspendisse eu tristique mi, vitae consequat dui. Suspendisse euismod faucibus urna vitae ullamcorper. Mauris bibendum vel lectus nec lacinia. Aliquam eu sapien leo. Integer luctus nibh nibh, sit amet accumsan metus tincidunt vel. Integer sed ultrices tortor. Fusce et neque nisl. Suspendisse vehicula, metus quis vulputate gravida, nulla orci finibus dolor, quis consectetur libero velit nec neque. Mauris eget enim quis risus bibendum facilisis.\r\n\r\nFusce ut leo iaculis, commodo magna non, consectetur libero. Sed non sollicitudin justo. Maecenas eget faucibus libero. Nunc rutrum orci et faucibus rutrum. Sed blandit suscipit ornare. Suspendisse potenti. Morbi elit quam, vestibulum aliquam velit et, imperdiet pretium urna. Sed fringilla aliquam vulputate. Morbi euismod ex sit amet libero dapibus viverra. Vivamus mi justo, commodo vitae sodales vel, gravida ac nibh. Etiam dui magna, posuere nec ipsum sit amet, faucibus feugiat nibh. Cras suscipit volutpat velit, vel tincidunt nibh finibus non. Praesent eleifend turpis malesuada tortor commodo consectetur. Morbi vehicula ultricies posuere.\r\n\r\nMaecenas ullamcorper diam augue, at maximus odio vehicula et. Nulla sit amet tristique lacus. Aenean metus orci, facilisis et nunc convallis, aliquam molestie erat. Nunc vel nibh porta, semper risus nec, dapibus felis. Nullam vel metus tristique, venenatis nunc eget, euismod turpis. Proin in ipsum et lorem hendrerit feugiat at vitae lectus. Donec condimentum risus ut dui mollis, sit amet dictum risus porttitor. Vestibulum ante ipsum primis in faucibus orci luctus et ultrices posuere cubilia Curae; Donec elementum est nulla, quis pretium dolor facilisis a. Aliquam bibendum, urna iaculis mattis imperdiet, felis tortor facilisis sem, at egestas nisl mauris vel quam. Etiam facilisis eros vitae libero cursus, rhoncus rhoncus felis laoreet. Phasellus a blandit sapien. Vivamus vitae urna sit amet ante interdum pulvinar.\r\n\r\nDuis arcu enim, cursus nec turpis a, cursus tristique metus. Nam commodo laoreet dolor, blandit luctus diam congue interdum. Maecenas imperdiet, justo id porttitor accumsan, mi purus convallis sapien, id ullamcorper elit neque eu eros. In hendrerit elementum sollicitudin. Fusce pulvinar tincidunt nisi, in dignissim odio laoreet quis. Phasellus dignissim lacus justo, nec sodales ex commodo vel. Pellentesque habitant morbi tristique senectus et netus et malesuada fames ac turpis egestas. Etiam lacinia convallis dui suscipit gravida.\r\n\r\nProin eget lorem placerat, hendrerit elit sit amet, gravida nunc. Quisque ut nisi et justo feugiat faucibus et non metus. Vivamus finibus sapien augue, ut suscipit lorem vestibulum vitae. Donec eu volutpat dui. Aenean tempus scelerisque justo ac porttitor. Proin tristique dui sed suscipit convallis. Nunc vel dolor lacus. Donec ornare risus eu nibh consectetur hendrerit. Vestibulum sagittis suscipit orci vel rhoncus. Ut nec blandit massa. In sit amet diam dolor.', 5, 3, 'jaude.jpg', '2019-01-27 16:20:00', NULL),
(8, 'Il a dévoré ses adversaires', 'Lorem ipsum dolor sit amet, consectetur adipiscing elit. Ut at ultrices elit, eu convallis ligula. Proin eu orci lacus. Sed ullamcorper sit amet est laoreet consequat. Donec in finibus ante, eu tristique turpis. Duis sit amet massa et sem tristique pretium. Nunc hendrerit ligula sit amet felis ultricies, vitae feugiat risus semper. Suspendisse eu tristique mi, vitae consequat dui. Suspendisse euismod faucibus urna vitae ullamcorper. Mauris bibendum vel lectus nec lacinia. Aliquam eu sapien leo. Integer luctus nibh nibh, sit amet accumsan metus tincidunt vel. Integer sed ultrices tortor. Fusce et neque nisl. Suspendisse vehicula, metus quis vulputate gravida, nulla orci finibus dolor, quis consectetur libero velit nec neque. Mauris eget enim quis risus bibendum facilisis.\r\n\r\nFusce ut leo iaculis, commodo magna non, consectetur libero. Sed non sollicitudin justo. Maecenas eget faucibus libero. Nunc rutrum orci et faucibus rutrum. Sed blandit suscipit ornare. Suspendisse potenti. Morbi elit quam, vestibulum aliquam velit et, imperdiet pretium urna. Sed fringilla aliquam vulputate. Morbi euismod ex sit amet libero dapibus viverra. Vivamus mi justo, commodo vitae sodales vel, gravida ac nibh. Etiam dui magna, posuere nec ipsum sit amet, faucibus feugiat nibh. Cras suscipit volutpat velit, vel tincidunt nibh finibus non. Praesent eleifend turpis malesuada tortor commodo consectetur. Morbi vehicula ultricies posuere.\r\n\r\nMaecenas ullamcorper diam augue, at maximus odio vehicula et. Nulla sit amet tristique lacus. Aenean metus orci, facilisis et nunc convallis, aliquam molestie erat. Nunc vel nibh porta, semper risus nec, dapibus felis. Nullam vel metus tristique, venenatis nunc eget, euismod turpis. Proin in ipsum et lorem hendrerit feugiat at vitae lectus. Donec condimentum risus ut dui mollis, sit amet dictum risus porttitor. Vestibulum ante ipsum primis in faucibus orci luctus et ultrices posuere cubilia Curae; Donec elementum est nulla, quis pretium dolor facilisis a. Aliquam bibendum, urna iaculis mattis imperdiet, felis tortor facilisis sem, at egestas nisl mauris vel quam. Etiam facilisis eros vitae libero cursus, rhoncus rhoncus felis laoreet. Phasellus a blandit sapien. Vivamus vitae urna sit amet ante interdum pulvinar.\r\n\r\nDuis arcu enim, cursus nec turpis a, cursus tristique metus. Nam commodo laoreet dolor, blandit luctus diam congue interdum. Maecenas imperdiet, justo id porttitor accumsan, mi purus convallis sapien, id ullamcorper elit neque eu eros. In hendrerit elementum sollicitudin. Fusce pulvinar tincidunt nisi, in dignissim odio laoreet quis. Phasellus dignissim lacus justo, nec sodales ex commodo vel. Pellentesque habitant morbi tristique senectus et netus et malesuada fames ac turpis egestas. Etiam lacinia convallis dui suscipit gravida.\r\n\r\nProin eget lorem placerat, hendrerit elit sit amet, gravida nunc. Quisque ut nisi et justo feugiat faucibus et non metus. Vivamus finibus sapien augue, ut suscipit lorem vestibulum vitae. Donec eu volutpat dui. Aenean tempus scelerisque justo ac porttitor. Proin tristique dui sed suscipit convallis. Nunc vel dolor lacus. Donec ornare risus eu nibh consectetur hendrerit. Vestibulum sagittis suscipit orci vel rhoncus. Ut nec blandit massa. In sit amet diam dolor.', 7, 4, 'cannibal.jpg', '2019-01-17 00:00:00', NULL),
(9, 'Gilets jaunes / Crs : le combat du siècle', 'Lorem ipsum dolor sit amet, consectetur adipiscing elit. Ut at ultrices elit, eu convallis ligula. Proin eu orci lacus. Sed ullamcorper sit amet est laoreet consequat. Donec in finibus ante, eu tristique turpis. Duis sit amet massa et sem tristique pretium. Nunc hendrerit ligula sit amet felis ultricies, vitae feugiat risus semper. Suspendisse eu tristique mi, vitae consequat dui. Suspendisse euismod faucibus urna vitae ullamcorper. Mauris bibendum vel lectus nec lacinia. Aliquam eu sapien leo. Integer luctus nibh nibh, sit amet accumsan metus tincidunt vel. Integer sed ultrices tortor. Fusce et neque nisl. Suspendisse vehicula, metus quis vulputate gravida, nulla orci finibus dolor, quis consectetur libero velit nec neque. Mauris eget enim quis risus bibendum facilisis.\r\n\r\nFusce ut leo iaculis, commodo magna non, consectetur libero. Sed non sollicitudin justo. Maecenas eget faucibus libero. Nunc rutrum orci et faucibus rutrum. Sed blandit suscipit ornare. Suspendisse potenti. Morbi elit quam, vestibulum aliquam velit et, imperdiet pretium urna. Sed fringilla aliquam vulputate. Morbi euismod ex sit amet libero dapibus viverra. Vivamus mi justo, commodo vitae sodales vel, gravida ac nibh. Etiam dui magna, posuere nec ipsum sit amet, faucibus feugiat nibh. Cras suscipit volutpat velit, vel tincidunt nibh finibus non. Praesent eleifend turpis malesuada tortor commodo consectetur. Morbi vehicula ultricies posuere.\r\n\r\nMaecenas ullamcorper diam augue, at maximus odio vehicula et. Nulla sit amet tristique lacus. Aenean metus orci, facilisis et nunc convallis, aliquam molestie erat. Nunc vel nibh porta, semper risus nec, dapibus felis. Nullam vel metus tristique, venenatis nunc eget, euismod turpis. Proin in ipsum et lorem hendrerit feugiat at vitae lectus. Donec condimentum risus ut dui mollis, sit amet dictum risus porttitor. Vestibulum ante ipsum primis in faucibus orci luctus et ultrices posuere cubilia Curae; Donec elementum est nulla, quis pretium dolor facilisis a. Aliquam bibendum, urna iaculis mattis imperdiet, felis tortor facilisis sem, at egestas nisl mauris vel quam. Etiam facilisis eros vitae libero cursus, rhoncus rhoncus felis laoreet. Phasellus a blandit sapien. Vivamus vitae urna sit amet ante interdum pulvinar.\r\n\r\nDuis arcu enim, cursus nec turpis a, cursus tristique metus. Nam commodo laoreet dolor, blandit luctus diam congue interdum. Maecenas imperdiet, justo id porttitor accumsan, mi purus convallis sapien, id ullamcorper elit neque eu eros. In hendrerit elementum sollicitudin. Fusce pulvinar tincidunt nisi, in dignissim odio laoreet quis. Phasellus dignissim lacus justo, nec sodales ex commodo vel. Pellentesque habitant morbi tristique senectus et netus et malesuada fames ac turpis egestas. Etiam lacinia convallis dui suscipit gravida.\r\n\r\nProin eget lorem placerat, hendrerit elit sit amet, gravida nunc. Quisque ut nisi et justo feugiat faucibus et non metus. Vivamus finibus sapien augue, ut suscipit lorem vestibulum vitae. Donec eu volutpat dui. Aenean tempus scelerisque justo ac porttitor. Proin tristique dui sed suscipit convallis. Nunc vel dolor lacus. Donec ornare risus eu nibh consectetur hendrerit. Vestibulum sagittis suscipit orci vel rhoncus. Ut nec blandit massa. In sit amet diam dolor.', 5, 3, 'gilletjaunes.jpg', '2019-01-09 16:44:00', '2019-01-28 10:55:10'),
(10, 'NOS COUPS DE COEUR BAGARRE !', 'Lorem ipsum dolor sit amet, consectetur adipiscing elit. Ut at ultrices elit, eu convallis ligula. Proin eu orci lacus. Sed ullamcorper sit amet est laoreet consequat. Donec in finibus ante, eu tristique turpis. Duis sit amet massa et sem tristique pretium. Nunc hendrerit ligula sit amet felis ultricies, vitae feugiat risus semper. Suspendisse eu tristique mi, vitae consequat dui. Suspendisse euismod faucibus urna vitae ullamcorper. Mauris bibendum vel lectus nec lacinia. Aliquam eu sapien leo. Integer luctus nibh nibh, sit amet accumsan metus tincidunt vel. Integer sed ultrices tortor. Fusce et neque nisl. Suspendisse vehicula, metus quis vulputate gravida, nulla orci finibus dolor, quis consectetur libero velit nec neque. Mauris eget enim quis risus bibendum facilisis.\r\n\r\nFusce ut leo iaculis, commodo magna non, consectetur libero. Sed non sollicitudin justo. Maecenas eget faucibus libero. Nunc rutrum orci et faucibus rutrum. Sed blandit suscipit ornare. Suspendisse potenti. Morbi elit quam, vestibulum aliquam velit et, imperdiet pretium urna. Sed fringilla aliquam vulputate. Morbi euismod ex sit amet libero dapibus viverra. Vivamus mi justo, commodo vitae sodales vel, gravida ac nibh. Etiam dui magna, posuere nec ipsum sit amet, faucibus feugiat nibh. Cras suscipit volutpat velit, vel tincidunt nibh finibus non. Praesent eleifend turpis malesuada tortor commodo consectetur. Morbi vehicula ultricies posuere.\r\n\r\nMaecenas ullamcorper diam augue, at maximus odio vehicula et. Nulla sit amet tristique lacus. Aenean metus orci, facilisis et nunc convallis, aliquam molestie erat. Nunc vel nibh porta, semper risus nec, dapibus felis. Nullam vel metus tristique, venenatis nunc eget, euismod turpis. Proin in ipsum et lorem hendrerit feugiat at vitae lectus. Donec condimentum risus ut dui mollis, sit amet dictum risus porttitor. Vestibulum ante ipsum primis in faucibus orci luctus et ultrices posuere cubilia Curae; Donec elementum est nulla, quis pretium dolor facilisis a. Aliquam bibendum, urna iaculis mattis imperdiet, felis tortor facilisis sem, at egestas nisl mauris vel quam. Etiam facilisis eros vitae libero cursus, rhoncus rhoncus felis laoreet. Phasellus a blandit sapien. Vivamus vitae urna sit amet ante interdum pulvinar.\r\n\r\nDuis arcu enim, cursus nec turpis a, cursus tristique metus. Nam commodo laoreet dolor, blandit luctus diam congue interdum. Maecenas imperdiet, justo id porttitor accumsan, mi purus convallis sapien, id ullamcorper elit neque eu eros. In hendrerit elementum sollicitudin. Fusce pulvinar tincidunt nisi, in dignissim odio laoreet quis. Phasellus dignissim lacus justo, nec sodales ex commodo vel. Pellentesque habitant morbi tristique senectus et netus et malesuada fames ac turpis egestas. Etiam lacinia convallis dui suscipit gravida.\r\n\r\nProin eget lorem placerat, hendrerit elit sit amet, gravida nunc. Quisque ut nisi et justo feugiat faucibus et non metus. Vivamus finibus sapien augue, ut suscipit lorem vestibulum vitae. Donec eu volutpat dui. Aenean tempus scelerisque justo ac porttitor. Proin tristique dui sed suscipit convallis. Nunc vel dolor lacus. Donec ornare risus eu nibh consectetur hendrerit. Vestibulum sagittis suscipit orci vel rhoncus. Ut nec blandit massa. In sit amet diam dolor.', 1, 4, 'bagarre.jpg', '2019-01-28 11:31:00', NULL),
(11, 'GROSSE BAGARRE LE 31 FÉVRIER A JAUDE !', 'Lorem ipsum dolor sit amet, consectetur adipiscing elit. Ut at ultrices elit, eu convallis ligula. Proin eu orci lacus. Sed ullamcorper sit amet est laoreet consequat. Donec in finibus ante, eu tristique turpis. Duis sit amet massa et sem tristique pretium. Nunc hendrerit ligula sit amet felis ultricies, vitae feugiat risus semper. Suspendisse eu tristique mi, vitae consequat dui. Suspendisse euismod faucibus urna vitae ullamcorper. Mauris bibendum vel lectus nec lacinia. Aliquam eu sapien leo. Integer luctus nibh nibh, sit amet accumsan metus tincidunt vel. Integer sed ultrices tortor. Fusce et neque nisl. Suspendisse vehicula, metus quis vulputate gravida, nulla orci finibus dolor, quis consectetur libero velit nec neque. Mauris eget enim quis risus bibendum facilisis.\r\n\r\nFusce ut leo iaculis, commodo magna non, consectetur libero. Sed non sollicitudin justo. Maecenas eget faucibus libero. Nunc rutrum orci et faucibus rutrum. Sed blandit suscipit ornare. Suspendisse potenti. Morbi elit quam, vestibulum aliquam velit et, imperdiet pretium urna. Sed fringilla aliquam vulputate. Morbi euismod ex sit amet libero dapibus viverra. Vivamus mi justo, commodo vitae sodales vel, gravida ac nibh. Etiam dui magna, posuere nec ipsum sit amet, faucibus feugiat nibh. Cras suscipit volutpat velit, vel tincidunt nibh finibus non. Praesent eleifend turpis malesuada tortor commodo consectetur. Morbi vehicula ultricies posuere.\r\n\r\nMaecenas ullamcorper diam augue, at maximus odio vehicula et. Nulla sit amet tristique lacus. Aenean metus orci, facilisis et nunc convallis, aliquam molestie erat. Nunc vel nibh porta, semper risus nec, dapibus felis. Nullam vel metus tristique, venenatis nunc eget, euismod turpis. Proin in ipsum et lorem hendrerit feugiat at vitae lectus. Donec condimentum risus ut dui mollis, sit amet dictum risus porttitor. Vestibulum ante ipsum primis in faucibus orci luctus et ultrices posuere cubilia Curae; Donec elementum est nulla, quis pretium dolor facilisis a. Aliquam bibendum, urna iaculis mattis imperdiet, felis tortor facilisis sem, at egestas nisl mauris vel quam. Etiam facilisis eros vitae libero cursus, rhoncus rhoncus felis laoreet. Phasellus a blandit sapien. Vivamus vitae urna sit amet ante interdum pulvinar.\r\n\r\nDuis arcu enim, cursus nec turpis a, cursus tristique metus. Nam commodo laoreet dolor, blandit luctus diam congue interdum. Maecenas imperdiet, justo id porttitor accumsan, mi purus convallis sapien, id ullamcorper elit neque eu eros. In hendrerit elementum sollicitudin. Fusce pulvinar tincidunt nisi, in dignissim odio laoreet quis. Phasellus dignissim lacus justo, nec sodales ex commodo vel. Pellentesque habitant morbi tristique senectus et netus et malesuada fames ac turpis egestas. Etiam lacinia convallis dui suscipit gravida.\r\n\r\nProin eget lorem placerat, hendrerit elit sit amet, gravida nunc. Quisque ut nisi et justo feugiat faucibus et non metus. Vivamus finibus sapien augue, ut suscipit lorem vestibulum vitae. Donec eu volutpat dui. Aenean tempus scelerisque justo ac porttitor. Proin tristique dui sed suscipit convallis. Nunc vel dolor lacus. Donec ornare risus eu nibh consectetur hendrerit. Vestibulum sagittis suscipit orci vel rhoncus. Ut nec blandit massa. In sit amet diam dolor.', 5, 3, 'jaude.jpg', '2019-01-27 16:20:00', NULL),
(12, 'Il a dévoré ses adversaires', 'Lorem ipsum dolor sit amet, consectetur adipiscing elit. Ut at ultrices elit, eu convallis ligula. Proin eu orci lacus. Sed ullamcorper sit amet est laoreet consequat. Donec in finibus ante, eu tristique turpis. Duis sit amet massa et sem tristique pretium. Nunc hendrerit ligula sit amet felis ultricies, vitae feugiat risus semper. Suspendisse eu tristique mi, vitae consequat dui. Suspendisse euismod faucibus urna vitae ullamcorper. Mauris bibendum vel lectus nec lacinia. Aliquam eu sapien leo. Integer luctus nibh nibh, sit amet accumsan metus tincidunt vel. Integer sed ultrices tortor. Fusce et neque nisl. Suspendisse vehicula, metus quis vulputate gravida, nulla orci finibus dolor, quis consectetur libero velit nec neque. Mauris eget enim quis risus bibendum facilisis.\r\n\r\nFusce ut leo iaculis, commodo magna non, consectetur libero. Sed non sollicitudin justo. Maecenas eget faucibus libero. Nunc rutrum orci et faucibus rutrum. Sed blandit suscipit ornare. Suspendisse potenti. Morbi elit quam, vestibulum aliquam velit et, imperdiet pretium urna. Sed fringilla aliquam vulputate. Morbi euismod ex sit amet libero dapibus viverra. Vivamus mi justo, commodo vitae sodales vel, gravida ac nibh. Etiam dui magna, posuere nec ipsum sit amet, faucibus feugiat nibh. Cras suscipit volutpat velit, vel tincidunt nibh finibus non. Praesent eleifend turpis malesuada tortor commodo consectetur. Morbi vehicula ultricies posuere.\r\n\r\nMaecenas ullamcorper diam augue, at maximus odio vehicula et. Nulla sit amet tristique lacus. Aenean metus orci, facilisis et nunc convallis, aliquam molestie erat. Nunc vel nibh porta, semper risus nec, dapibus felis. Nullam vel metus tristique, venenatis nunc eget, euismod turpis. Proin in ipsum et lorem hendrerit feugiat at vitae lectus. Donec condimentum risus ut dui mollis, sit amet dictum risus porttitor. Vestibulum ante ipsum primis in faucibus orci luctus et ultrices posuere cubilia Curae; Donec elementum est nulla, quis pretium dolor facilisis a. Aliquam bibendum, urna iaculis mattis imperdiet, felis tortor facilisis sem, at egestas nisl mauris vel quam. Etiam facilisis eros vitae libero cursus, rhoncus rhoncus felis laoreet. Phasellus a blandit sapien. Vivamus vitae urna sit amet ante interdum pulvinar.\r\n\r\nDuis arcu enim, cursus nec turpis a, cursus tristique metus. Nam commodo laoreet dolor, blandit luctus diam congue interdum. Maecenas imperdiet, justo id porttitor accumsan, mi purus convallis sapien, id ullamcorper elit neque eu eros. In hendrerit elementum sollicitudin. Fusce pulvinar tincidunt nisi, in dignissim odio laoreet quis. Phasellus dignissim lacus justo, nec sodales ex commodo vel. Pellentesque habitant morbi tristique senectus et netus et malesuada fames ac turpis egestas. Etiam lacinia convallis dui suscipit gravida.\r\n\r\nProin eget lorem placerat, hendrerit elit sit amet, gravida nunc. Quisque ut nisi et justo feugiat faucibus et non metus. Vivamus finibus sapien augue, ut suscipit lorem vestibulum vitae. Donec eu volutpat dui. Aenean tempus scelerisque justo ac porttitor. Proin tristique dui sed suscipit convallis. Nunc vel dolor lacus. Donec ornare risus eu nibh consectetur hendrerit. Vestibulum sagittis suscipit orci vel rhoncus. Ut nec blandit massa. In sit amet diam dolor.', 7, 4, 'cannibal.jpg', '2019-01-17 00:00:00', NULL),
(13, 'Booba/kaaris : La revanche ?', 'Lorem ipsum dolor sit amet, consectetur adipiscing elit. Ut at ultrices elit, eu convallis ligula. Proin eu orci lacus. Sed ullamcorper sit amet est laoreet consequat. Donec in finibus ante, eu tristique turpis. Duis sit amet massa et sem tristique pretium. Nunc hendrerit ligula sit amet felis ultricies, vitae feugiat risus semper. Suspendisse eu tristique mi, vitae consequat dui. Suspendisse euismod faucibus urna vitae ullamcorper. Mauris bibendum vel lectus nec lacinia. Aliquam eu sapien leo. Integer luctus nibh nibh, sit amet accumsan metus tincidunt vel. Integer sed ultrices tortor. Fusce et neque nisl. Suspendisse vehicula, metus quis vulputate gravida, nulla orci finibus dolor, quis consectetur libero velit nec neque. Mauris eget enim quis risus bibendum facilisis.\r\n\r\nFusce ut leo iaculis, commodo magna non, consectetur libero. Sed non sollicitudin justo. Maecenas eget faucibus libero. Nunc rutrum orci et faucibus rutrum. Sed blandit suscipit ornare. Suspendisse potenti. Morbi elit quam, vestibulum aliquam velit et, imperdiet pretium urna. Sed fringilla aliquam vulputate. Morbi euismod ex sit amet libero dapibus viverra. Vivamus mi justo, commodo vitae sodales vel, gravida ac nibh. Etiam dui magna, posuere nec ipsum sit amet, faucibus feugiat nibh. Cras suscipit volutpat velit, vel tincidunt nibh finibus non. Praesent eleifend turpis malesuada tortor commodo consectetur. Morbi vehicula ultricies posuere.\r\n\r\nMaecenas ullamcorper diam augue, at maximus odio vehicula et. Nulla sit amet tristique lacus. Aenean metus orci, facilisis et nunc convallis, aliquam molestie erat. Nunc vel nibh porta, semper risus nec, dapibus felis. Nullam vel metus tristique, venenatis nunc eget, euismod turpis. Proin in ipsum et lorem hendrerit feugiat at vitae lectus. Donec condimentum risus ut dui mollis, sit amet dictum risus porttitor. Vestibulum ante ipsum primis in faucibus orci luctus et ultrices posuere cubilia Curae; Donec elementum est nulla, quis pretium dolor facilisis a. Aliquam bibendum, urna iaculis mattis imperdiet, felis tortor facilisis sem, at egestas nisl mauris vel quam. Etiam facilisis eros vitae libero cursus, rhoncus rhoncus felis laoreet. Phasellus a blandit sapien. Vivamus vitae urna sit amet ante interdum pulvinar.\r\n\r\nDuis arcu enim, cursus nec turpis a, cursus tristique metus. Nam commodo laoreet dolor, blandit luctus diam congue interdum. Maecenas imperdiet, justo id porttitor accumsan, mi purus convallis sapien, id ullamcorper elit neque eu eros. In hendrerit elementum sollicitudin. Fusce pulvinar tincidunt nisi, in dignissim odio laoreet quis. Phasellus dignissim lacus justo, nec sodales ex commodo vel. Pellentesque habitant morbi tristique senectus et netus et malesuada fames ac turpis egestas. Etiam lacinia convallis dui suscipit gravida.\r\n\r\nProin eget lorem placerat, hendrerit elit sit amet, gravida nunc. Quisque ut nisi et justo feugiat faucibus et non metus. Vivamus finibus sapien augue, ut suscipit lorem vestibulum vitae. Donec eu volutpat dui. Aenean tempus scelerisque justo ac porttitor. Proin tristique dui sed suscipit convallis. Nunc vel dolor lacus. Donec ornare risus eu nibh consectetur hendrerit. Vestibulum sagittis suscipit orci vel rhoncus. Ut nec blandit massa. In sit amet diam dolor.', 4, 2, 'booba-kaaris.jpg', '2019-01-09 11:14:00', NULL),
(14, 'Gilets jaunes / Crs : le combat du siècle', 'Lorem ipsum dolor sit amet, consectetur adipiscing elit. Ut at ultrices elit, eu convallis ligula. Proin eu orci lacus. Sed ullamcorper sit amet est laoreet consequat. Donec in finibus ante, eu tristique turpis. Duis sit amet massa et sem tristique pretium. Nunc hendrerit ligula sit amet felis ultricies, vitae feugiat risus semper. Suspendisse eu tristique mi, vitae consequat dui. Suspendisse euismod faucibus urna vitae ullamcorper. Mauris bibendum vel lectus nec lacinia. Aliquam eu sapien leo. Integer luctus nibh nibh, sit amet accumsan metus tincidunt vel. Integer sed ultrices tortor. Fusce et neque nisl. Suspendisse vehicula, metus quis vulputate gravida, nulla orci finibus dolor, quis consectetur libero velit nec neque. Mauris eget enim quis risus bibendum facilisis.\r\n\r\nFusce ut leo iaculis, commodo magna non, consectetur libero. Sed non sollicitudin justo. Maecenas eget faucibus libero. Nunc rutrum orci et faucibus rutrum. Sed blandit suscipit ornare. Suspendisse potenti. Morbi elit quam, vestibulum aliquam velit et, imperdiet pretium urna. Sed fringilla aliquam vulputate. Morbi euismod ex sit amet libero dapibus viverra. Vivamus mi justo, commodo vitae sodales vel, gravida ac nibh. Etiam dui magna, posuere nec ipsum sit amet, faucibus feugiat nibh. Cras suscipit volutpat velit, vel tincidunt nibh finibus non. Praesent eleifend turpis malesuada tortor commodo consectetur. Morbi vehicula ultricies posuere.\r\n\r\nMaecenas ullamcorper diam augue, at maximus odio vehicula et. Nulla sit amet tristique lacus. Aenean metus orci, facilisis et nunc convallis, aliquam molestie erat. Nunc vel nibh porta, semper risus nec, dapibus felis. Nullam vel metus tristique, venenatis nunc eget, euismod turpis. Proin in ipsum et lorem hendrerit feugiat at vitae lectus. Donec condimentum risus ut dui mollis, sit amet dictum risus porttitor. Vestibulum ante ipsum primis in faucibus orci luctus et ultrices posuere cubilia Curae; Donec elementum est nulla, quis pretium dolor facilisis a. Aliquam bibendum, urna iaculis mattis imperdiet, felis tortor facilisis sem, at egestas nisl mauris vel quam. Etiam facilisis eros vitae libero cursus, rhoncus rhoncus felis laoreet. Phasellus a blandit sapien. Vivamus vitae urna sit amet ante interdum pulvinar.\r\n\r\nDuis arcu enim, cursus nec turpis a, cursus tristique metus. Nam commodo laoreet dolor, blandit luctus diam congue interdum. Maecenas imperdiet, justo id porttitor accumsan, mi purus convallis sapien, id ullamcorper elit neque eu eros. In hendrerit elementum sollicitudin. Fusce pulvinar tincidunt nisi, in dignissim odio laoreet quis. Phasellus dignissim lacus justo, nec sodales ex commodo vel. Pellentesque habitant morbi tristique senectus et netus et malesuada fames ac turpis egestas. Etiam lacinia convallis dui suscipit gravida.\r\n\r\nProin eget lorem placerat, hendrerit elit sit amet, gravida nunc. Quisque ut nisi et justo feugiat faucibus et non metus. Vivamus finibus sapien augue, ut suscipit lorem vestibulum vitae. Donec eu volutpat dui. Aenean tempus scelerisque justo ac porttitor. Proin tristique dui sed suscipit convallis. Nunc vel dolor lacus. Donec ornare risus eu nibh consectetur hendrerit. Vestibulum sagittis suscipit orci vel rhoncus. Ut nec blandit massa. In sit amet diam dolor.', 5, 3, 'gilletjaunes.jpg', '2019-01-09 16:44:00', '2019-01-28 10:55:10');
INSERT INTO `posts` (`id`, `title`, `content`, `id_cat`, `id_auth`, `image`, `created_date`, `updated_date`) VALUES
(15, 'Tuto aiguisage de lame', 'Lorem ipsum dolor sit amet, consectetur adipiscing elit. Ut at ultrices elit, eu convallis ligula. Proin eu orci lacus. Sed ullamcorper sit amet est laoreet consequat. Donec in finibus ante, eu tristique turpis. Duis sit amet massa et sem tristique pretium. Nunc hendrerit ligula sit amet felis ultricies, vitae feugiat risus semper. Suspendisse eu tristique mi, vitae consequat dui. Suspendisse euismod faucibus urna vitae ullamcorper. Mauris bibendum vel lectus nec lacinia. Aliquam eu sapien leo. Integer luctus nibh nibh, sit amet accumsan metus tincidunt vel. Integer sed ultrices tortor. Fusce et neque nisl. Suspendisse vehicula, metus quis vulputate gravida, nulla orci finibus dolor, quis consectetur libero velit nec neque. Mauris eget enim quis risus bibendum facilisis.\r\n\r\nFusce ut leo iaculis, commodo magna non, consectetur libero. Sed non sollicitudin justo. Maecenas eget faucibus libero. Nunc rutrum orci et faucibus rutrum. Sed blandit suscipit ornare. Suspendisse potenti. Morbi elit quam, vestibulum aliquam velit et, imperdiet pretium urna. Sed fringilla aliquam vulputate. Morbi euismod ex sit amet libero dapibus viverra. Vivamus mi justo, commodo vitae sodales vel, gravida ac nibh. Etiam dui magna, posuere nec ipsum sit amet, faucibus feugiat nibh. Cras suscipit volutpat velit, vel tincidunt nibh finibus non. Praesent eleifend turpis malesuada tortor commodo consectetur. Morbi vehicula ultricies posuere.\r\n\r\nMaecenas ullamcorper diam augue, at maximus odio vehicula et. Nulla sit amet tristique lacus. Aenean metus orci, facilisis et nunc convallis, aliquam molestie erat. Nunc vel nibh porta, semper risus nec, dapibus felis. Nullam vel metus tristique, venenatis nunc eget, euismod turpis. Proin in ipsum et lorem hendrerit feugiat at vitae lectus. Donec condimentum risus ut dui mollis, sit amet dictum risus porttitor. Vestibulum ante ipsum primis in faucibus orci luctus et ultrices posuere cubilia Curae; Donec elementum est nulla, quis pretium dolor facilisis a. Aliquam bibendum, urna iaculis mattis imperdiet, felis tortor facilisis sem, at egestas nisl mauris vel quam. Etiam facilisis eros vitae libero cursus, rhoncus rhoncus felis laoreet. Phasellus a blandit sapien. Vivamus vitae urna sit amet ante interdum pulvinar.\r\n\r\nDuis arcu enim, cursus nec turpis a, cursus tristique metus. Nam commodo laoreet dolor, blandit luctus diam congue interdum. Maecenas imperdiet, justo id porttitor accumsan, mi purus convallis sapien, id ullamcorper elit neque eu eros. In hendrerit elementum sollicitudin. Fusce pulvinar tincidunt nisi, in dignissim odio laoreet quis. Phasellus dignissim lacus justo, nec sodales ex commodo vel. Pellentesque habitant morbi tristique senectus et netus et malesuada fames ac turpis egestas. Etiam lacinia convallis dui suscipit gravida.\r\n\r\nProin eget lorem placerat, hendrerit elit sit amet, gravida nunc. Quisque ut nisi et justo feugiat faucibus et non metus. Vivamus finibus sapien augue, ut suscipit lorem vestibulum vitae. Donec eu volutpat dui. Aenean tempus scelerisque justo ac porttitor. Proin tristique dui sed suscipit convallis. Nunc vel dolor lacus. Donec ornare risus eu nibh consectetur hendrerit. Vestibulum sagittis suscipit orci vel rhoncus. Ut nec blandit massa. In sit amet diam dolor.', 3, 1, 'aiguisage.jpg', '2019-01-01 15:12:00', '2019-01-28 10:55:10'),
(16, 'GROSSE BAGARRE LE 31 FÉVRIER A JAUDE !', 'Lorem ipsum dolor sit amet, consectetur adipiscing elit. Ut at ultrices elit, eu convallis ligula. Proin eu orci lacus. Sed ullamcorper sit amet est laoreet consequat. Donec in finibus ante, eu tristique turpis. Duis sit amet massa et sem tristique pretium. Nunc hendrerit ligula sit amet felis ultricies, vitae feugiat risus semper. Suspendisse eu tristique mi, vitae consequat dui. Suspendisse euismod faucibus urna vitae ullamcorper. Mauris bibendum vel lectus nec lacinia. Aliquam eu sapien leo. Integer luctus nibh nibh, sit amet accumsan metus tincidunt vel. Integer sed ultrices tortor. Fusce et neque nisl. Suspendisse vehicula, metus quis vulputate gravida, nulla orci finibus dolor, quis consectetur libero velit nec neque. Mauris eget enim quis risus bibendum facilisis.\r\n\r\nFusce ut leo iaculis, commodo magna non, consectetur libero. Sed non sollicitudin justo. Maecenas eget faucibus libero. Nunc rutrum orci et faucibus rutrum. Sed blandit suscipit ornare. Suspendisse potenti. Morbi elit quam, vestibulum aliquam velit et, imperdiet pretium urna. Sed fringilla aliquam vulputate. Morbi euismod ex sit amet libero dapibus viverra. Vivamus mi justo, commodo vitae sodales vel, gravida ac nibh. Etiam dui magna, posuere nec ipsum sit amet, faucibus feugiat nibh. Cras suscipit volutpat velit, vel tincidunt nibh finibus non. Praesent eleifend turpis malesuada tortor commodo consectetur. Morbi vehicula ultricies posuere.\r\n\r\nMaecenas ullamcorper diam augue, at maximus odio vehicula et. Nulla sit amet tristique lacus. Aenean metus orci, facilisis et nunc convallis, aliquam molestie erat. Nunc vel nibh porta, semper risus nec, dapibus felis. Nullam vel metus tristique, venenatis nunc eget, euismod turpis. Proin in ipsum et lorem hendrerit feugiat at vitae lectus. Donec condimentum risus ut dui mollis, sit amet dictum risus porttitor. Vestibulum ante ipsum primis in faucibus orci luctus et ultrices posuere cubilia Curae; Donec elementum est nulla, quis pretium dolor facilisis a. Aliquam bibendum, urna iaculis mattis imperdiet, felis tortor facilisis sem, at egestas nisl mauris vel quam. Etiam facilisis eros vitae libero cursus, rhoncus rhoncus felis laoreet. Phasellus a blandit sapien. Vivamus vitae urna sit amet ante interdum pulvinar.\r\n\r\nDuis arcu enim, cursus nec turpis a, cursus tristique metus. Nam commodo laoreet dolor, blandit luctus diam congue interdum. Maecenas imperdiet, justo id porttitor accumsan, mi purus convallis sapien, id ullamcorper elit neque eu eros. In hendrerit elementum sollicitudin. Fusce pulvinar tincidunt nisi, in dignissim odio laoreet quis. Phasellus dignissim lacus justo, nec sodales ex commodo vel. Pellentesque habitant morbi tristique senectus et netus et malesuada fames ac turpis egestas. Etiam lacinia convallis dui suscipit gravida.\r\n\r\nProin eget lorem placerat, hendrerit elit sit amet, gravida nunc. Quisque ut nisi et justo feugiat faucibus et non metus. Vivamus finibus sapien augue, ut suscipit lorem vestibulum vitae. Donec eu volutpat dui. Aenean tempus scelerisque justo ac porttitor. Proin tristique dui sed suscipit convallis. Nunc vel dolor lacus. Donec ornare risus eu nibh consectetur hendrerit. Vestibulum sagittis suscipit orci vel rhoncus. Ut nec blandit massa. In sit amet diam dolor.', 5, 3, 'jaude.jpg', '2019-01-27 16:20:00', NULL),
(17, 'Il a dévoré ses adversaires', 'Lorem ipsum dolor sit amet, consectetur adipiscing elit. Ut at ultrices elit, eu convallis ligula. Proin eu orci lacus. Sed ullamcorper sit amet est laoreet consequat. Donec in finibus ante, eu tristique turpis. Duis sit amet massa et sem tristique pretium. Nunc hendrerit ligula sit amet felis ultricies, vitae feugiat risus semper. Suspendisse eu tristique mi, vitae consequat dui. Suspendisse euismod faucibus urna vitae ullamcorper. Mauris bibendum vel lectus nec lacinia. Aliquam eu sapien leo. Integer luctus nibh nibh, sit amet accumsan metus tincidunt vel. Integer sed ultrices tortor. Fusce et neque nisl. Suspendisse vehicula, metus quis vulputate gravida, nulla orci finibus dolor, quis consectetur libero velit nec neque. Mauris eget enim quis risus bibendum facilisis.\r\n\r\nFusce ut leo iaculis, commodo magna non, consectetur libero. Sed non sollicitudin justo. Maecenas eget faucibus libero. Nunc rutrum orci et faucibus rutrum. Sed blandit suscipit ornare. Suspendisse potenti. Morbi elit quam, vestibulum aliquam velit et, imperdiet pretium urna. Sed fringilla aliquam vulputate. Morbi euismod ex sit amet libero dapibus viverra. Vivamus mi justo, commodo vitae sodales vel, gravida ac nibh. Etiam dui magna, posuere nec ipsum sit amet, faucibus feugiat nibh. Cras suscipit volutpat velit, vel tincidunt nibh finibus non. Praesent eleifend turpis malesuada tortor commodo consectetur. Morbi vehicula ultricies posuere.\r\n\r\nMaecenas ullamcorper diam augue, at maximus odio vehicula et. Nulla sit amet tristique lacus. Aenean metus orci, facilisis et nunc convallis, aliquam molestie erat. Nunc vel nibh porta, semper risus nec, dapibus felis. Nullam vel metus tristique, venenatis nunc eget, euismod turpis. Proin in ipsum et lorem hendrerit feugiat at vitae lectus. Donec condimentum risus ut dui mollis, sit amet dictum risus porttitor. Vestibulum ante ipsum primis in faucibus orci luctus et ultrices posuere cubilia Curae; Donec elementum est nulla, quis pretium dolor facilisis a. Aliquam bibendum, urna iaculis mattis imperdiet, felis tortor facilisis sem, at egestas nisl mauris vel quam. Etiam facilisis eros vitae libero cursus, rhoncus rhoncus felis laoreet. Phasellus a blandit sapien. Vivamus vitae urna sit amet ante interdum pulvinar.\r\n\r\nDuis arcu enim, cursus nec turpis a, cursus tristique metus. Nam commodo laoreet dolor, blandit luctus diam congue interdum. Maecenas imperdiet, justo id porttitor accumsan, mi purus convallis sapien, id ullamcorper elit neque eu eros. In hendrerit elementum sollicitudin. Fusce pulvinar tincidunt nisi, in dignissim odio laoreet quis. Phasellus dignissim lacus justo, nec sodales ex commodo vel. Pellentesque habitant morbi tristique senectus et netus et malesuada fames ac turpis egestas. Etiam lacinia convallis dui suscipit gravida.\r\n\r\nProin eget lorem placerat, hendrerit elit sit amet, gravida nunc. Quisque ut nisi et justo feugiat faucibus et non metus. Vivamus finibus sapien augue, ut suscipit lorem vestibulum vitae. Donec eu volutpat dui. Aenean tempus scelerisque justo ac porttitor. Proin tristique dui sed suscipit convallis. Nunc vel dolor lacus. Donec ornare risus eu nibh consectetur hendrerit. Vestibulum sagittis suscipit orci vel rhoncus. Ut nec blandit massa. In sit amet diam dolor.', 7, 4, 'cannibal.jpg', '2019-01-17 00:00:00', NULL),
(18, 'Gilets jaunes / Crs : le combat du siècle', 'Lorem ipsum dolor sit amet, consectetur adipiscing elit. Ut at ultrices elit, eu convallis ligula. Proin eu orci lacus. Sed ullamcorper sit amet est laoreet consequat. Donec in finibus ante, eu tristique turpis. Duis sit amet massa et sem tristique pretium. Nunc hendrerit ligula sit amet felis ultricies, vitae feugiat risus semper. Suspendisse eu tristique mi, vitae consequat dui. Suspendisse euismod faucibus urna vitae ullamcorper. Mauris bibendum vel lectus nec lacinia. Aliquam eu sapien leo. Integer luctus nibh nibh, sit amet accumsan metus tincidunt vel. Integer sed ultrices tortor. Fusce et neque nisl. Suspendisse vehicula, metus quis vulputate gravida, nulla orci finibus dolor, quis consectetur libero velit nec neque. Mauris eget enim quis risus bibendum facilisis.\r\n\r\nFusce ut leo iaculis, commodo magna non, consectetur libero. Sed non sollicitudin justo. Maecenas eget faucibus libero. Nunc rutrum orci et faucibus rutrum. Sed blandit suscipit ornare. Suspendisse potenti. Morbi elit quam, vestibulum aliquam velit et, imperdiet pretium urna. Sed fringilla aliquam vulputate. Morbi euismod ex sit amet libero dapibus viverra. Vivamus mi justo, commodo vitae sodales vel, gravida ac nibh. Etiam dui magna, posuere nec ipsum sit amet, faucibus feugiat nibh. Cras suscipit volutpat velit, vel tincidunt nibh finibus non. Praesent eleifend turpis malesuada tortor commodo consectetur. Morbi vehicula ultricies posuere.\r\n\r\nMaecenas ullamcorper diam augue, at maximus odio vehicula et. Nulla sit amet tristique lacus. Aenean metus orci, facilisis et nunc convallis, aliquam molestie erat. Nunc vel nibh porta, semper risus nec, dapibus felis. Nullam vel metus tristique, venenatis nunc eget, euismod turpis. Proin in ipsum et lorem hendrerit feugiat at vitae lectus. Donec condimentum risus ut dui mollis, sit amet dictum risus porttitor. Vestibulum ante ipsum primis in faucibus orci luctus et ultrices posuere cubilia Curae; Donec elementum est nulla, quis pretium dolor facilisis a. Aliquam bibendum, urna iaculis mattis imperdiet, felis tortor facilisis sem, at egestas nisl mauris vel quam. Etiam facilisis eros vitae libero cursus, rhoncus rhoncus felis laoreet. Phasellus a blandit sapien. Vivamus vitae urna sit amet ante interdum pulvinar.\r\n\r\nDuis arcu enim, cursus nec turpis a, cursus tristique metus. Nam commodo laoreet dolor, blandit luctus diam congue interdum. Maecenas imperdiet, justo id porttitor accumsan, mi purus convallis sapien, id ullamcorper elit neque eu eros. In hendrerit elementum sollicitudin. Fusce pulvinar tincidunt nisi, in dignissim odio laoreet quis. Phasellus dignissim lacus justo, nec sodales ex commodo vel. Pellentesque habitant morbi tristique senectus et netus et malesuada fames ac turpis egestas. Etiam lacinia convallis dui suscipit gravida.\r\n\r\nProin eget lorem placerat, hendrerit elit sit amet, gravida nunc. Quisque ut nisi et justo feugiat faucibus et non metus. Vivamus finibus sapien augue, ut suscipit lorem vestibulum vitae. Donec eu volutpat dui. Aenean tempus scelerisque justo ac porttitor. Proin tristique dui sed suscipit convallis. Nunc vel dolor lacus. Donec ornare risus eu nibh consectetur hendrerit. Vestibulum sagittis suscipit orci vel rhoncus. Ut nec blandit massa. In sit amet diam dolor.', 5, 3, 'gilletjaunes.jpg', '2019-01-09 16:44:00', '2019-01-28 10:55:10'),
(19, 'NOS COUPS DE COEUR BAGARRE !', 'Lorem ipsum dolor sit amet, consectetur adipiscing elit. Ut at ultrices elit, eu convallis ligula. Proin eu orci lacus. Sed ullamcorper sit amet est laoreet consequat. Donec in finibus ante, eu tristique turpis. Duis sit amet massa et sem tristique pretium. Nunc hendrerit ligula sit amet felis ultricies, vitae feugiat risus semper. Suspendisse eu tristique mi, vitae consequat dui. Suspendisse euismod faucibus urna vitae ullamcorper. Mauris bibendum vel lectus nec lacinia. Aliquam eu sapien leo. Integer luctus nibh nibh, sit amet accumsan metus tincidunt vel. Integer sed ultrices tortor. Fusce et neque nisl. Suspendisse vehicula, metus quis vulputate gravida, nulla orci finibus dolor, quis consectetur libero velit nec neque. Mauris eget enim quis risus bibendum facilisis.\r\n\r\nFusce ut leo iaculis, commodo magna non, consectetur libero. Sed non sollicitudin justo. Maecenas eget faucibus libero. Nunc rutrum orci et faucibus rutrum. Sed blandit suscipit ornare. Suspendisse potenti. Morbi elit quam, vestibulum aliquam velit et, imperdiet pretium urna. Sed fringilla aliquam vulputate. Morbi euismod ex sit amet libero dapibus viverra. Vivamus mi justo, commodo vitae sodales vel, gravida ac nibh. Etiam dui magna, posuere nec ipsum sit amet, faucibus feugiat nibh. Cras suscipit volutpat velit, vel tincidunt nibh finibus non. Praesent eleifend turpis malesuada tortor commodo consectetur. Morbi vehicula ultricies posuere.\r\n\r\nMaecenas ullamcorper diam augue, at maximus odio vehicula et. Nulla sit amet tristique lacus. Aenean metus orci, facilisis et nunc convallis, aliquam molestie erat. Nunc vel nibh porta, semper risus nec, dapibus felis. Nullam vel metus tristique, venenatis nunc eget, euismod turpis. Proin in ipsum et lorem hendrerit feugiat at vitae lectus. Donec condimentum risus ut dui mollis, sit amet dictum risus porttitor. Vestibulum ante ipsum primis in faucibus orci luctus et ultrices posuere cubilia Curae; Donec elementum est nulla, quis pretium dolor facilisis a. Aliquam bibendum, urna iaculis mattis imperdiet, felis tortor facilisis sem, at egestas nisl mauris vel quam. Etiam facilisis eros vitae libero cursus, rhoncus rhoncus felis laoreet. Phasellus a blandit sapien. Vivamus vitae urna sit amet ante interdum pulvinar.\r\n\r\nDuis arcu enim, cursus nec turpis a, cursus tristique metus. Nam commodo laoreet dolor, blandit luctus diam congue interdum. Maecenas imperdiet, justo id porttitor accumsan, mi purus convallis sapien, id ullamcorper elit neque eu eros. In hendrerit elementum sollicitudin. Fusce pulvinar tincidunt nisi, in dignissim odio laoreet quis. Phasellus dignissim lacus justo, nec sodales ex commodo vel. Pellentesque habitant morbi tristique senectus et netus et malesuada fames ac turpis egestas. Etiam lacinia convallis dui suscipit gravida.\r\n\r\nProin eget lorem placerat, hendrerit elit sit amet, gravida nunc. Quisque ut nisi et justo feugiat faucibus et non metus. Vivamus finibus sapien augue, ut suscipit lorem vestibulum vitae. Donec eu volutpat dui. Aenean tempus scelerisque justo ac porttitor. Proin tristique dui sed suscipit convallis. Nunc vel dolor lacus. Donec ornare risus eu nibh consectetur hendrerit. Vestibulum sagittis suscipit orci vel rhoncus. Ut nec blandit massa. In sit amet diam dolor.', 1, 4, 'bagarre.jpg', '2019-01-28 11:31:00', NULL),
(20, 'GROSSE BAGARRE LE 31 FÉVRIER A JAUDE !', 'Lorem ipsum dolor sit amet, consectetur adipiscing elit. Ut at ultrices elit, eu convallis ligula. Proin eu orci lacus. Sed ullamcorper sit amet est laoreet consequat. Donec in finibus ante, eu tristique turpis. Duis sit amet massa et sem tristique pretium. Nunc hendrerit ligula sit amet felis ultricies, vitae feugiat risus semper. Suspendisse eu tristique mi, vitae consequat dui. Suspendisse euismod faucibus urna vitae ullamcorper. Mauris bibendum vel lectus nec lacinia. Aliquam eu sapien leo. Integer luctus nibh nibh, sit amet accumsan metus tincidunt vel. Integer sed ultrices tortor. Fusce et neque nisl. Suspendisse vehicula, metus quis vulputate gravida, nulla orci finibus dolor, quis consectetur libero velit nec neque. Mauris eget enim quis risus bibendum facilisis.\r\n\r\nFusce ut leo iaculis, commodo magna non, consectetur libero. Sed non sollicitudin justo. Maecenas eget faucibus libero. Nunc rutrum orci et faucibus rutrum. Sed blandit suscipit ornare. Suspendisse potenti. Morbi elit quam, vestibulum aliquam velit et, imperdiet pretium urna. Sed fringilla aliquam vulputate. Morbi euismod ex sit amet libero dapibus viverra. Vivamus mi justo, commodo vitae sodales vel, gravida ac nibh. Etiam dui magna, posuere nec ipsum sit amet, faucibus feugiat nibh. Cras suscipit volutpat velit, vel tincidunt nibh finibus non. Praesent eleifend turpis malesuada tortor commodo consectetur. Morbi vehicula ultricies posuere.\r\n\r\nMaecenas ullamcorper diam augue, at maximus odio vehicula et. Nulla sit amet tristique lacus. Aenean metus orci, facilisis et nunc convallis, aliquam molestie erat. Nunc vel nibh porta, semper risus nec, dapibus felis. Nullam vel metus tristique, venenatis nunc eget, euismod turpis. Proin in ipsum et lorem hendrerit feugiat at vitae lectus. Donec condimentum risus ut dui mollis, sit amet dictum risus porttitor. Vestibulum ante ipsum primis in faucibus orci luctus et ultrices posuere cubilia Curae; Donec elementum est nulla, quis pretium dolor facilisis a. Aliquam bibendum, urna iaculis mattis imperdiet, felis tortor facilisis sem, at egestas nisl mauris vel quam. Etiam facilisis eros vitae libero cursus, rhoncus rhoncus felis laoreet. Phasellus a blandit sapien. Vivamus vitae urna sit amet ante interdum pulvinar.\r\n\r\nDuis arcu enim, cursus nec turpis a, cursus tristique metus. Nam commodo laoreet dolor, blandit luctus diam congue interdum. Maecenas imperdiet, justo id porttitor accumsan, mi purus convallis sapien, id ullamcorper elit neque eu eros. In hendrerit elementum sollicitudin. Fusce pulvinar tincidunt nisi, in dignissim odio laoreet quis. Phasellus dignissim lacus justo, nec sodales ex commodo vel. Pellentesque habitant morbi tristique senectus et netus et malesuada fames ac turpis egestas. Etiam lacinia convallis dui suscipit gravida.\r\n\r\nProin eget lorem placerat, hendrerit elit sit amet, gravida nunc. Quisque ut nisi et justo feugiat faucibus et non metus. Vivamus finibus sapien augue, ut suscipit lorem vestibulum vitae. Donec eu volutpat dui. Aenean tempus scelerisque justo ac porttitor. Proin tristique dui sed suscipit convallis. Nunc vel dolor lacus. Donec ornare risus eu nibh consectetur hendrerit. Vestibulum sagittis suscipit orci vel rhoncus. Ut nec blandit massa. In sit amet diam dolor.', 5, 3, 'jaude.jpg', '2019-01-27 16:20:00', NULL),
(21, 'Il a dévoré ses adversaires', 'Lorem ipsum dolor sit amet, consectetur adipiscing elit. Ut at ultrices elit, eu convallis ligula. Proin eu orci lacus. Sed ullamcorper sit amet est laoreet consequat. Donec in finibus ante, eu tristique turpis. Duis sit amet massa et sem tristique pretium. Nunc hendrerit ligula sit amet felis ultricies, vitae feugiat risus semper. Suspendisse eu tristique mi, vitae consequat dui. Suspendisse euismod faucibus urna vitae ullamcorper. Mauris bibendum vel lectus nec lacinia. Aliquam eu sapien leo. Integer luctus nibh nibh, sit amet accumsan metus tincidunt vel. Integer sed ultrices tortor. Fusce et neque nisl. Suspendisse vehicula, metus quis vulputate gravida, nulla orci finibus dolor, quis consectetur libero velit nec neque. Mauris eget enim quis risus bibendum facilisis.\r\n\r\nFusce ut leo iaculis, commodo magna non, consectetur libero. Sed non sollicitudin justo. Maecenas eget faucibus libero. Nunc rutrum orci et faucibus rutrum. Sed blandit suscipit ornare. Suspendisse potenti. Morbi elit quam, vestibulum aliquam velit et, imperdiet pretium urna. Sed fringilla aliquam vulputate. Morbi euismod ex sit amet libero dapibus viverra. Vivamus mi justo, commodo vitae sodales vel, gravida ac nibh. Etiam dui magna, posuere nec ipsum sit amet, faucibus feugiat nibh. Cras suscipit volutpat velit, vel tincidunt nibh finibus non. Praesent eleifend turpis malesuada tortor commodo consectetur. Morbi vehicula ultricies posuere.\r\n\r\nMaecenas ullamcorper diam augue, at maximus odio vehicula et. Nulla sit amet tristique lacus. Aenean metus orci, facilisis et nunc convallis, aliquam molestie erat. Nunc vel nibh porta, semper risus nec, dapibus felis. Nullam vel metus tristique, venenatis nunc eget, euismod turpis. Proin in ipsum et lorem hendrerit feugiat at vitae lectus. Donec condimentum risus ut dui mollis, sit amet dictum risus porttitor. Vestibulum ante ipsum primis in faucibus orci luctus et ultrices posuere cubilia Curae; Donec elementum est nulla, quis pretium dolor facilisis a. Aliquam bibendum, urna iaculis mattis imperdiet, felis tortor facilisis sem, at egestas nisl mauris vel quam. Etiam facilisis eros vitae libero cursus, rhoncus rhoncus felis laoreet. Phasellus a blandit sapien. Vivamus vitae urna sit amet ante interdum pulvinar.\r\n\r\nDuis arcu enim, cursus nec turpis a, cursus tristique metus. Nam commodo laoreet dolor, blandit luctus diam congue interdum. Maecenas imperdiet, justo id porttitor accumsan, mi purus convallis sapien, id ullamcorper elit neque eu eros. In hendrerit elementum sollicitudin. Fusce pulvinar tincidunt nisi, in dignissim odio laoreet quis. Phasellus dignissim lacus justo, nec sodales ex commodo vel. Pellentesque habitant morbi tristique senectus et netus et malesuada fames ac turpis egestas. Etiam lacinia convallis dui suscipit gravida.\r\n\r\nProin eget lorem placerat, hendrerit elit sit amet, gravida nunc. Quisque ut nisi et justo feugiat faucibus et non metus. Vivamus finibus sapien augue, ut suscipit lorem vestibulum vitae. Donec eu volutpat dui. Aenean tempus scelerisque justo ac porttitor. Proin tristique dui sed suscipit convallis. Nunc vel dolor lacus. Donec ornare risus eu nibh consectetur hendrerit. Vestibulum sagittis suscipit orci vel rhoncus. Ut nec blandit massa. In sit amet diam dolor.', 7, 4, 'cannibal.jpg', '2019-01-17 00:00:00', NULL),
(22, 'Booba/kaaris : La revanche ?', 'Lorem ipsum dolor sit amet, consectetur adipiscing elit. Ut at ultrices elit, eu convallis ligula. Proin eu orci lacus. Sed ullamcorper sit amet est laoreet consequat. Donec in finibus ante, eu tristique turpis. Duis sit amet massa et sem tristique pretium. Nunc hendrerit ligula sit amet felis ultricies, vitae feugiat risus semper. Suspendisse eu tristique mi, vitae consequat dui. Suspendisse euismod faucibus urna vitae ullamcorper. Mauris bibendum vel lectus nec lacinia. Aliquam eu sapien leo. Integer luctus nibh nibh, sit amet accumsan metus tincidunt vel. Integer sed ultrices tortor. Fusce et neque nisl. Suspendisse vehicula, metus quis vulputate gravida, nulla orci finibus dolor, quis consectetur libero velit nec neque. Mauris eget enim quis risus bibendum facilisis.\r\n\r\nFusce ut leo iaculis, commodo magna non, consectetur libero. Sed non sollicitudin justo. Maecenas eget faucibus libero. Nunc rutrum orci et faucibus rutrum. Sed blandit suscipit ornare. Suspendisse potenti. Morbi elit quam, vestibulum aliquam velit et, imperdiet pretium urna. Sed fringilla aliquam vulputate. Morbi euismod ex sit amet libero dapibus viverra. Vivamus mi justo, commodo vitae sodales vel, gravida ac nibh. Etiam dui magna, posuere nec ipsum sit amet, faucibus feugiat nibh. Cras suscipit volutpat velit, vel tincidunt nibh finibus non. Praesent eleifend turpis malesuada tortor commodo consectetur. Morbi vehicula ultricies posuere.\r\n\r\nMaecenas ullamcorper diam augue, at maximus odio vehicula et. Nulla sit amet tristique lacus. Aenean metus orci, facilisis et nunc convallis, aliquam molestie erat. Nunc vel nibh porta, semper risus nec, dapibus felis. Nullam vel metus tristique, venenatis nunc eget, euismod turpis. Proin in ipsum et lorem hendrerit feugiat at vitae lectus. Donec condimentum risus ut dui mollis, sit amet dictum risus porttitor. Vestibulum ante ipsum primis in faucibus orci luctus et ultrices posuere cubilia Curae; Donec elementum est nulla, quis pretium dolor facilisis a. Aliquam bibendum, urna iaculis mattis imperdiet, felis tortor facilisis sem, at egestas nisl mauris vel quam. Etiam facilisis eros vitae libero cursus, rhoncus rhoncus felis laoreet. Phasellus a blandit sapien. Vivamus vitae urna sit amet ante interdum pulvinar.\r\n\r\nDuis arcu enim, cursus nec turpis a, cursus tristique metus. Nam commodo laoreet dolor, blandit luctus diam congue interdum. Maecenas imperdiet, justo id porttitor accumsan, mi purus convallis sapien, id ullamcorper elit neque eu eros. In hendrerit elementum sollicitudin. Fusce pulvinar tincidunt nisi, in dignissim odio laoreet quis. Phasellus dignissim lacus justo, nec sodales ex commodo vel. Pellentesque habitant morbi tristique senectus et netus et malesuada fames ac turpis egestas. Etiam lacinia convallis dui suscipit gravida.\r\n\r\nProin eget lorem placerat, hendrerit elit sit amet, gravida nunc. Quisque ut nisi et justo feugiat faucibus et non metus. Vivamus finibus sapien augue, ut suscipit lorem vestibulum vitae. Donec eu volutpat dui. Aenean tempus scelerisque justo ac porttitor. Proin tristique dui sed suscipit convallis. Nunc vel dolor lacus. Donec ornare risus eu nibh consectetur hendrerit. Vestibulum sagittis suscipit orci vel rhoncus. Ut nec blandit massa. In sit amet diam dolor.', 4, 2, 'booba-kaaris.jpg', '2019-01-09 11:14:00', NULL),
(23, 'Gilets jaunes / Crs : le combat du siècle', 'Lorem ipsum dolor sit amet, consectetur adipiscing elit. Ut at ultrices elit, eu convallis ligula. Proin eu orci lacus. Sed ullamcorper sit amet est laoreet consequat. Donec in finibus ante, eu tristique turpis. Duis sit amet massa et sem tristique pretium. Nunc hendrerit ligula sit amet felis ultricies, vitae feugiat risus semper. Suspendisse eu tristique mi, vitae consequat dui. Suspendisse euismod faucibus urna vitae ullamcorper. Mauris bibendum vel lectus nec lacinia. Aliquam eu sapien leo. Integer luctus nibh nibh, sit amet accumsan metus tincidunt vel. Integer sed ultrices tortor. Fusce et neque nisl. Suspendisse vehicula, metus quis vulputate gravida, nulla orci finibus dolor, quis consectetur libero velit nec neque. Mauris eget enim quis risus bibendum facilisis.\r\n\r\nFusce ut leo iaculis, commodo magna non, consectetur libero. Sed non sollicitudin justo. Maecenas eget faucibus libero. Nunc rutrum orci et faucibus rutrum. Sed blandit suscipit ornare. Suspendisse potenti. Morbi elit quam, vestibulum aliquam velit et, imperdiet pretium urna. Sed fringilla aliquam vulputate. Morbi euismod ex sit amet libero dapibus viverra. Vivamus mi justo, commodo vitae sodales vel, gravida ac nibh. Etiam dui magna, posuere nec ipsum sit amet, faucibus feugiat nibh. Cras suscipit volutpat velit, vel tincidunt nibh finibus non. Praesent eleifend turpis malesuada tortor commodo consectetur. Morbi vehicula ultricies posuere.\r\n\r\nMaecenas ullamcorper diam augue, at maximus odio vehicula et. Nulla sit amet tristique lacus. Aenean metus orci, facilisis et nunc convallis, aliquam molestie erat. Nunc vel nibh porta, semper risus nec, dapibus felis. Nullam vel metus tristique, venenatis nunc eget, euismod turpis. Proin in ipsum et lorem hendrerit feugiat at vitae lectus. Donec condimentum risus ut dui mollis, sit amet dictum risus porttitor. Vestibulum ante ipsum primis in faucibus orci luctus et ultrices posuere cubilia Curae; Donec elementum est nulla, quis pretium dolor facilisis a. Aliquam bibendum, urna iaculis mattis imperdiet, felis tortor facilisis sem, at egestas nisl mauris vel quam. Etiam facilisis eros vitae libero cursus, rhoncus rhoncus felis laoreet. Phasellus a blandit sapien. Vivamus vitae urna sit amet ante interdum pulvinar.\r\n\r\nDuis arcu enim, cursus nec turpis a, cursus tristique metus. Nam commodo laoreet dolor, blandit luctus diam congue interdum. Maecenas imperdiet, justo id porttitor accumsan, mi purus convallis sapien, id ullamcorper elit neque eu eros. In hendrerit elementum sollicitudin. Fusce pulvinar tincidunt nisi, in dignissim odio laoreet quis. Phasellus dignissim lacus justo, nec sodales ex commodo vel. Pellentesque habitant morbi tristique senectus et netus et malesuada fames ac turpis egestas. Etiam lacinia convallis dui suscipit gravida.\r\n\r\nProin eget lorem placerat, hendrerit elit sit amet, gravida nunc. Quisque ut nisi et justo feugiat faucibus et non metus. Vivamus finibus sapien augue, ut suscipit lorem vestibulum vitae. Donec eu volutpat dui. Aenean tempus scelerisque justo ac porttitor. Proin tristique dui sed suscipit convallis. Nunc vel dolor lacus. Donec ornare risus eu nibh consectetur hendrerit. Vestibulum sagittis suscipit orci vel rhoncus. Ut nec blandit massa. In sit amet diam dolor.', 5, 3, 'gilletjaunes.jpg', '2019-01-09 16:44:00', '2019-01-28 10:55:10'),
(24, 'Tuto aiguisage de lame', 'Lorem ipsum dolor sit amet, consectetur adipiscing elit. Ut at ultrices elit, eu convallis ligula. Proin eu orci lacus. Sed ullamcorper sit amet est laoreet consequat. Donec in finibus ante, eu tristique turpis. Duis sit amet massa et sem tristique pretium. Nunc hendrerit ligula sit amet felis ultricies, vitae feugiat risus semper. Suspendisse eu tristique mi, vitae consequat dui. Suspendisse euismod faucibus urna vitae ullamcorper. Mauris bibendum vel lectus nec lacinia. Aliquam eu sapien leo. Integer luctus nibh nibh, sit amet accumsan metus tincidunt vel. Integer sed ultrices tortor. Fusce et neque nisl. Suspendisse vehicula, metus quis vulputate gravida, nulla orci finibus dolor, quis consectetur libero velit nec neque. Mauris eget enim quis risus bibendum facilisis.\r\n\r\nFusce ut leo iaculis, commodo magna non, consectetur libero. Sed non sollicitudin justo. Maecenas eget faucibus libero. Nunc rutrum orci et faucibus rutrum. Sed blandit suscipit ornare. Suspendisse potenti. Morbi elit quam, vestibulum aliquam velit et, imperdiet pretium urna. Sed fringilla aliquam vulputate. Morbi euismod ex sit amet libero dapibus viverra. Vivamus mi justo, commodo vitae sodales vel, gravida ac nibh. Etiam dui magna, posuere nec ipsum sit amet, faucibus feugiat nibh. Cras suscipit volutpat velit, vel tincidunt nibh finibus non. Praesent eleifend turpis malesuada tortor commodo consectetur. Morbi vehicula ultricies posuere.\r\n\r\nMaecenas ullamcorper diam augue, at maximus odio vehicula et. Nulla sit amet tristique lacus. Aenean metus orci, facilisis et nunc convallis, aliquam molestie erat. Nunc vel nibh porta, semper risus nec, dapibus felis. Nullam vel metus tristique, venenatis nunc eget, euismod turpis. Proin in ipsum et lorem hendrerit feugiat at vitae lectus. Donec condimentum risus ut dui mollis, sit amet dictum risus porttitor. Vestibulum ante ipsum primis in faucibus orci luctus et ultrices posuere cubilia Curae; Donec elementum est nulla, quis pretium dolor facilisis a. Aliquam bibendum, urna iaculis mattis imperdiet, felis tortor facilisis sem, at egestas nisl mauris vel quam. Etiam facilisis eros vitae libero cursus, rhoncus rhoncus felis laoreet. Phasellus a blandit sapien. Vivamus vitae urna sit amet ante interdum pulvinar.\r\n\r\nDuis arcu enim, cursus nec turpis a, cursus tristique metus. Nam commodo laoreet dolor, blandit luctus diam congue interdum. Maecenas imperdiet, justo id porttitor accumsan, mi purus convallis sapien, id ullamcorper elit neque eu eros. In hendrerit elementum sollicitudin. Fusce pulvinar tincidunt nisi, in dignissim odio laoreet quis. Phasellus dignissim lacus justo, nec sodales ex commodo vel. Pellentesque habitant morbi tristique senectus et netus et malesuada fames ac turpis egestas. Etiam lacinia convallis dui suscipit gravida.\r\n\r\nProin eget lorem placerat, hendrerit elit sit amet, gravida nunc. Quisque ut nisi et justo feugiat faucibus et non metus. Vivamus finibus sapien augue, ut suscipit lorem vestibulum vitae. Donec eu volutpat dui. Aenean tempus scelerisque justo ac porttitor. Proin tristique dui sed suscipit convallis. Nunc vel dolor lacus. Donec ornare risus eu nibh consectetur hendrerit. Vestibulum sagittis suscipit orci vel rhoncus. Ut nec blandit massa. In sit amet diam dolor.', 3, 1, 'aiguisage.jpg', '2019-01-01 15:12:00', '2019-01-28 10:55:10'),
(25, 'GROSSE BAGARRE LE 31 FÉVRIER A JAUDE !', 'Lorem ipsum dolor sit amet, consectetur adipiscing elit. Ut at ultrices elit, eu convallis ligula. Proin eu orci lacus. Sed ullamcorper sit amet est laoreet consequat. Donec in finibus ante, eu tristique turpis. Duis sit amet massa et sem tristique pretium. Nunc hendrerit ligula sit amet felis ultricies, vitae feugiat risus semper. Suspendisse eu tristique mi, vitae consequat dui. Suspendisse euismod faucibus urna vitae ullamcorper. Mauris bibendum vel lectus nec lacinia. Aliquam eu sapien leo. Integer luctus nibh nibh, sit amet accumsan metus tincidunt vel. Integer sed ultrices tortor. Fusce et neque nisl. Suspendisse vehicula, metus quis vulputate gravida, nulla orci finibus dolor, quis consectetur libero velit nec neque. Mauris eget enim quis risus bibendum facilisis.\r\n\r\nFusce ut leo iaculis, commodo magna non, consectetur libero. Sed non sollicitudin justo. Maecenas eget faucibus libero. Nunc rutrum orci et faucibus rutrum. Sed blandit suscipit ornare. Suspendisse potenti. Morbi elit quam, vestibulum aliquam velit et, imperdiet pretium urna. Sed fringilla aliquam vulputate. Morbi euismod ex sit amet libero dapibus viverra. Vivamus mi justo, commodo vitae sodales vel, gravida ac nibh. Etiam dui magna, posuere nec ipsum sit amet, faucibus feugiat nibh. Cras suscipit volutpat velit, vel tincidunt nibh finibus non. Praesent eleifend turpis malesuada tortor commodo consectetur. Morbi vehicula ultricies posuere.\r\n\r\nMaecenas ullamcorper diam augue, at maximus odio vehicula et. Nulla sit amet tristique lacus. Aenean metus orci, facilisis et nunc convallis, aliquam molestie erat. Nunc vel nibh porta, semper risus nec, dapibus felis. Nullam vel metus tristique, venenatis nunc eget, euismod turpis. Proin in ipsum et lorem hendrerit feugiat at vitae lectus. Donec condimentum risus ut dui mollis, sit amet dictum risus porttitor. Vestibulum ante ipsum primis in faucibus orci luctus et ultrices posuere cubilia Curae; Donec elementum est nulla, quis pretium dolor facilisis a. Aliquam bibendum, urna iaculis mattis imperdiet, felis tortor facilisis sem, at egestas nisl mauris vel quam. Etiam facilisis eros vitae libero cursus, rhoncus rhoncus felis laoreet. Phasellus a blandit sapien. Vivamus vitae urna sit amet ante interdum pulvinar.\r\n\r\nDuis arcu enim, cursus nec turpis a, cursus tristique metus. Nam commodo laoreet dolor, blandit luctus diam congue interdum. Maecenas imperdiet, justo id porttitor accumsan, mi purus convallis sapien, id ullamcorper elit neque eu eros. In hendrerit elementum sollicitudin. Fusce pulvinar tincidunt nisi, in dignissim odio laoreet quis. Phasellus dignissim lacus justo, nec sodales ex commodo vel. Pellentesque habitant morbi tristique senectus et netus et malesuada fames ac turpis egestas. Etiam lacinia convallis dui suscipit gravida.\r\n\r\nProin eget lorem placerat, hendrerit elit sit amet, gravida nunc. Quisque ut nisi et justo feugiat faucibus et non metus. Vivamus finibus sapien augue, ut suscipit lorem vestibulum vitae. Donec eu volutpat dui. Aenean tempus scelerisque justo ac porttitor. Proin tristique dui sed suscipit convallis. Nunc vel dolor lacus. Donec ornare risus eu nibh consectetur hendrerit. Vestibulum sagittis suscipit orci vel rhoncus. Ut nec blandit massa. In sit amet diam dolor.', 5, 3, 'jaude.jpg', '2019-01-27 16:20:00', NULL),
(26, 'Il a dévoré ses adversaires', 'Lorem ipsum dolor sit amet, consectetur adipiscing elit. Ut at ultrices elit, eu convallis ligula. Proin eu orci lacus. Sed ullamcorper sit amet est laoreet consequat. Donec in finibus ante, eu tristique turpis. Duis sit amet massa et sem tristique pretium. Nunc hendrerit ligula sit amet felis ultricies, vitae feugiat risus semper. Suspendisse eu tristique mi, vitae consequat dui. Suspendisse euismod faucibus urna vitae ullamcorper. Mauris bibendum vel lectus nec lacinia. Aliquam eu sapien leo. Integer luctus nibh nibh, sit amet accumsan metus tincidunt vel. Integer sed ultrices tortor. Fusce et neque nisl. Suspendisse vehicula, metus quis vulputate gravida, nulla orci finibus dolor, quis consectetur libero velit nec neque. Mauris eget enim quis risus bibendum facilisis.\r\n\r\nFusce ut leo iaculis, commodo magna non, consectetur libero. Sed non sollicitudin justo. Maecenas eget faucibus libero. Nunc rutrum orci et faucibus rutrum. Sed blandit suscipit ornare. Suspendisse potenti. Morbi elit quam, vestibulum aliquam velit et, imperdiet pretium urna. Sed fringilla aliquam vulputate. Morbi euismod ex sit amet libero dapibus viverra. Vivamus mi justo, commodo vitae sodales vel, gravida ac nibh. Etiam dui magna, posuere nec ipsum sit amet, faucibus feugiat nibh. Cras suscipit volutpat velit, vel tincidunt nibh finibus non. Praesent eleifend turpis malesuada tortor commodo consectetur. Morbi vehicula ultricies posuere.\r\n\r\nMaecenas ullamcorper diam augue, at maximus odio vehicula et. Nulla sit amet tristique lacus. Aenean metus orci, facilisis et nunc convallis, aliquam molestie erat. Nunc vel nibh porta, semper risus nec, dapibus felis. Nullam vel metus tristique, venenatis nunc eget, euismod turpis. Proin in ipsum et lorem hendrerit feugiat at vitae lectus. Donec condimentum risus ut dui mollis, sit amet dictum risus porttitor. Vestibulum ante ipsum primis in faucibus orci luctus et ultrices posuere cubilia Curae; Donec elementum est nulla, quis pretium dolor facilisis a. Aliquam bibendum, urna iaculis mattis imperdiet, felis tortor facilisis sem, at egestas nisl mauris vel quam. Etiam facilisis eros vitae libero cursus, rhoncus rhoncus felis laoreet. Phasellus a blandit sapien. Vivamus vitae urna sit amet ante interdum pulvinar.\r\n\r\nDuis arcu enim, cursus nec turpis a, cursus tristique metus. Nam commodo laoreet dolor, blandit luctus diam congue interdum. Maecenas imperdiet, justo id porttitor accumsan, mi purus convallis sapien, id ullamcorper elit neque eu eros. In hendrerit elementum sollicitudin. Fusce pulvinar tincidunt nisi, in dignissim odio laoreet quis. Phasellus dignissim lacus justo, nec sodales ex commodo vel. Pellentesque habitant morbi tristique senectus et netus et malesuada fames ac turpis egestas. Etiam lacinia convallis dui suscipit gravida.\r\n\r\nProin eget lorem placerat, hendrerit elit sit amet, gravida nunc. Quisque ut nisi et justo feugiat faucibus et non metus. Vivamus finibus sapien augue, ut suscipit lorem vestibulum vitae. Donec eu volutpat dui. Aenean tempus scelerisque justo ac porttitor. Proin tristique dui sed suscipit convallis. Nunc vel dolor lacus. Donec ornare risus eu nibh consectetur hendrerit. Vestibulum sagittis suscipit orci vel rhoncus. Ut nec blandit massa. In sit amet diam dolor.', 7, 4, 'cannibal.jpg', '2019-01-17 00:00:00', NULL),
(27, 'Gilets jaunes / Crs : le combat du siècle', 'Lorem ipsum dolor sit amet, consectetur adipiscing elit. Ut at ultrices elit, eu convallis ligula. Proin eu orci lacus. Sed ullamcorper sit amet est laoreet consequat. Donec in finibus ante, eu tristique turpis. Duis sit amet massa et sem tristique pretium. Nunc hendrerit ligula sit amet felis ultricies, vitae feugiat risus semper. Suspendisse eu tristique mi, vitae consequat dui. Suspendisse euismod faucibus urna vitae ullamcorper. Mauris bibendum vel lectus nec lacinia. Aliquam eu sapien leo. Integer luctus nibh nibh, sit amet accumsan metus tincidunt vel. Integer sed ultrices tortor. Fusce et neque nisl. Suspendisse vehicula, metus quis vulputate gravida, nulla orci finibus dolor, quis consectetur libero velit nec neque. Mauris eget enim quis risus bibendum facilisis.\r\n\r\nFusce ut leo iaculis, commodo magna non, consectetur libero. Sed non sollicitudin justo. Maecenas eget faucibus libero. Nunc rutrum orci et faucibus rutrum. Sed blandit suscipit ornare. Suspendisse potenti. Morbi elit quam, vestibulum aliquam velit et, imperdiet pretium urna. Sed fringilla aliquam vulputate. Morbi euismod ex sit amet libero dapibus viverra. Vivamus mi justo, commodo vitae sodales vel, gravida ac nibh. Etiam dui magna, posuere nec ipsum sit amet, faucibus feugiat nibh. Cras suscipit volutpat velit, vel tincidunt nibh finibus non. Praesent eleifend turpis malesuada tortor commodo consectetur. Morbi vehicula ultricies posuere.\r\n\r\nMaecenas ullamcorper diam augue, at maximus odio vehicula et. Nulla sit amet tristique lacus. Aenean metus orci, facilisis et nunc convallis, aliquam molestie erat. Nunc vel nibh porta, semper risus nec, dapibus felis. Nullam vel metus tristique, venenatis nunc eget, euismod turpis. Proin in ipsum et lorem hendrerit feugiat at vitae lectus. Donec condimentum risus ut dui mollis, sit amet dictum risus porttitor. Vestibulum ante ipsum primis in faucibus orci luctus et ultrices posuere cubilia Curae; Donec elementum est nulla, quis pretium dolor facilisis a. Aliquam bibendum, urna iaculis mattis imperdiet, felis tortor facilisis sem, at egestas nisl mauris vel quam. Etiam facilisis eros vitae libero cursus, rhoncus rhoncus felis laoreet. Phasellus a blandit sapien. Vivamus vitae urna sit amet ante interdum pulvinar.\r\n\r\nDuis arcu enim, cursus nec turpis a, cursus tristique metus. Nam commodo laoreet dolor, blandit luctus diam congue interdum. Maecenas imperdiet, justo id porttitor accumsan, mi purus convallis sapien, id ullamcorper elit neque eu eros. In hendrerit elementum sollicitudin. Fusce pulvinar tincidunt nisi, in dignissim odio laoreet quis. Phasellus dignissim lacus justo, nec sodales ex commodo vel. Pellentesque habitant morbi tristique senectus et netus et malesuada fames ac turpis egestas. Etiam lacinia convallis dui suscipit gravida.\r\n\r\nProin eget lorem placerat, hendrerit elit sit amet, gravida nunc. Quisque ut nisi et justo feugiat faucibus et non metus. Vivamus finibus sapien augue, ut suscipit lorem vestibulum vitae. Donec eu volutpat dui. Aenean tempus scelerisque justo ac porttitor. Proin tristique dui sed suscipit convallis. Nunc vel dolor lacus. Donec ornare risus eu nibh consectetur hendrerit. Vestibulum sagittis suscipit orci vel rhoncus. Ut nec blandit massa. In sit amet diam dolor.', 5, 3, 'gilletjaunes.jpg', '2019-01-09 16:44:00', '2019-01-28 10:55:10'),
(28, 'NOS COUPS DE COEUR BAGARRE !', 'Lorem ipsum dolor sit amet, consectetur adipiscing elit. Ut at ultrices elit, eu convallis ligula. Proin eu orci lacus. Sed ullamcorper sit amet est laoreet consequat. Donec in finibus ante, eu tristique turpis. Duis sit amet massa et sem tristique pretium. Nunc hendrerit ligula sit amet felis ultricies, vitae feugiat risus semper. Suspendisse eu tristique mi, vitae consequat dui. Suspendisse euismod faucibus urna vitae ullamcorper. Mauris bibendum vel lectus nec lacinia. Aliquam eu sapien leo. Integer luctus nibh nibh, sit amet accumsan metus tincidunt vel. Integer sed ultrices tortor. Fusce et neque nisl. Suspendisse vehicula, metus quis vulputate gravida, nulla orci finibus dolor, quis consectetur libero velit nec neque. Mauris eget enim quis risus bibendum facilisis.\r\n\r\nFusce ut leo iaculis, commodo magna non, consectetur libero. Sed non sollicitudin justo. Maecenas eget faucibus libero. Nunc rutrum orci et faucibus rutrum. Sed blandit suscipit ornare. Suspendisse potenti. Morbi elit quam, vestibulum aliquam velit et, imperdiet pretium urna. Sed fringilla aliquam vulputate. Morbi euismod ex sit amet libero dapibus viverra. Vivamus mi justo, commodo vitae sodales vel, gravida ac nibh. Etiam dui magna, posuere nec ipsum sit amet, faucibus feugiat nibh. Cras suscipit volutpat velit, vel tincidunt nibh finibus non. Praesent eleifend turpis malesuada tortor commodo consectetur. Morbi vehicula ultricies posuere.\r\n\r\nMaecenas ullamcorper diam augue, at maximus odio vehicula et. Nulla sit amet tristique lacus. Aenean metus orci, facilisis et nunc convallis, aliquam molestie erat. Nunc vel nibh porta, semper risus nec, dapibus felis. Nullam vel metus tristique, venenatis nunc eget, euismod turpis. Proin in ipsum et lorem hendrerit feugiat at vitae lectus. Donec condimentum risus ut dui mollis, sit amet dictum risus porttitor. Vestibulum ante ipsum primis in faucibus orci luctus et ultrices posuere cubilia Curae; Donec elementum est nulla, quis pretium dolor facilisis a. Aliquam bibendum, urna iaculis mattis imperdiet, felis tortor facilisis sem, at egestas nisl mauris vel quam. Etiam facilisis eros vitae libero cursus, rhoncus rhoncus felis laoreet. Phasellus a blandit sapien. Vivamus vitae urna sit amet ante interdum pulvinar.\r\n\r\nDuis arcu enim, cursus nec turpis a, cursus tristique metus. Nam commodo laoreet dolor, blandit luctus diam congue interdum. Maecenas imperdiet, justo id porttitor accumsan, mi purus convallis sapien, id ullamcorper elit neque eu eros. In hendrerit elementum sollicitudin. Fusce pulvinar tincidunt nisi, in dignissim odio laoreet quis. Phasellus dignissim lacus justo, nec sodales ex commodo vel. Pellentesque habitant morbi tristique senectus et netus et malesuada fames ac turpis egestas. Etiam lacinia convallis dui suscipit gravida.\r\n\r\nProin eget lorem placerat, hendrerit elit sit amet, gravida nunc. Quisque ut nisi et justo feugiat faucibus et non metus. Vivamus finibus sapien augue, ut suscipit lorem vestibulum vitae. Donec eu volutpat dui. Aenean tempus scelerisque justo ac porttitor. Proin tristique dui sed suscipit convallis. Nunc vel dolor lacus. Donec ornare risus eu nibh consectetur hendrerit. Vestibulum sagittis suscipit orci vel rhoncus. Ut nec blandit massa. In sit amet diam dolor.', 1, 4, 'bagarre.jpg', '2019-01-28 11:31:00', NULL);
INSERT INTO `posts` (`id`, `title`, `content`, `id_cat`, `id_auth`, `image`, `created_date`, `updated_date`) VALUES
(29, 'GROSSE BAGARRE LE 31 FÉVRIER A JAUDE !', 'Lorem ipsum dolor sit amet, consectetur adipiscing elit. Ut at ultrices elit, eu convallis ligula. Proin eu orci lacus. Sed ullamcorper sit amet est laoreet consequat. Donec in finibus ante, eu tristique turpis. Duis sit amet massa et sem tristique pretium. Nunc hendrerit ligula sit amet felis ultricies, vitae feugiat risus semper. Suspendisse eu tristique mi, vitae consequat dui. Suspendisse euismod faucibus urna vitae ullamcorper. Mauris bibendum vel lectus nec lacinia. Aliquam eu sapien leo. Integer luctus nibh nibh, sit amet accumsan metus tincidunt vel. Integer sed ultrices tortor. Fusce et neque nisl. Suspendisse vehicula, metus quis vulputate gravida, nulla orci finibus dolor, quis consectetur libero velit nec neque. Mauris eget enim quis risus bibendum facilisis.\r\n\r\nFusce ut leo iaculis, commodo magna non, consectetur libero. Sed non sollicitudin justo. Maecenas eget faucibus libero. Nunc rutrum orci et faucibus rutrum. Sed blandit suscipit ornare. Suspendisse potenti. Morbi elit quam, vestibulum aliquam velit et, imperdiet pretium urna. Sed fringilla aliquam vulputate. Morbi euismod ex sit amet libero dapibus viverra. Vivamus mi justo, commodo vitae sodales vel, gravida ac nibh. Etiam dui magna, posuere nec ipsum sit amet, faucibus feugiat nibh. Cras suscipit volutpat velit, vel tincidunt nibh finibus non. Praesent eleifend turpis malesuada tortor commodo consectetur. Morbi vehicula ultricies posuere.\r\n\r\nMaecenas ullamcorper diam augue, at maximus odio vehicula et. Nulla sit amet tristique lacus. Aenean metus orci, facilisis et nunc convallis, aliquam molestie erat. Nunc vel nibh porta, semper risus nec, dapibus felis. Nullam vel metus tristique, venenatis nunc eget, euismod turpis. Proin in ipsum et lorem hendrerit feugiat at vitae lectus. Donec condimentum risus ut dui mollis, sit amet dictum risus porttitor. Vestibulum ante ipsum primis in faucibus orci luctus et ultrices posuere cubilia Curae; Donec elementum est nulla, quis pretium dolor facilisis a. Aliquam bibendum, urna iaculis mattis imperdiet, felis tortor facilisis sem, at egestas nisl mauris vel quam. Etiam facilisis eros vitae libero cursus, rhoncus rhoncus felis laoreet. Phasellus a blandit sapien. Vivamus vitae urna sit amet ante interdum pulvinar.\r\n\r\nDuis arcu enim, cursus nec turpis a, cursus tristique metus. Nam commodo laoreet dolor, blandit luctus diam congue interdum. Maecenas imperdiet, justo id porttitor accumsan, mi purus convallis sapien, id ullamcorper elit neque eu eros. In hendrerit elementum sollicitudin. Fusce pulvinar tincidunt nisi, in dignissim odio laoreet quis. Phasellus dignissim lacus justo, nec sodales ex commodo vel. Pellentesque habitant morbi tristique senectus et netus et malesuada fames ac turpis egestas. Etiam lacinia convallis dui suscipit gravida.\r\n\r\nProin eget lorem placerat, hendrerit elit sit amet, gravida nunc. Quisque ut nisi et justo feugiat faucibus et non metus. Vivamus finibus sapien augue, ut suscipit lorem vestibulum vitae. Donec eu volutpat dui. Aenean tempus scelerisque justo ac porttitor. Proin tristique dui sed suscipit convallis. Nunc vel dolor lacus. Donec ornare risus eu nibh consectetur hendrerit. Vestibulum sagittis suscipit orci vel rhoncus. Ut nec blandit massa. In sit amet diam dolor.', 5, 3, 'jaude.jpg', '2019-01-27 16:20:00', NULL),
(30, 'Il a dévoré ses adversaires', 'Lorem ipsum dolor sit amet, consectetur adipiscing elit. Ut at ultrices elit, eu convallis ligula. Proin eu orci lacus. Sed ullamcorper sit amet est laoreet consequat. Donec in finibus ante, eu tristique turpis. Duis sit amet massa et sem tristique pretium. Nunc hendrerit ligula sit amet felis ultricies, vitae feugiat risus semper. Suspendisse eu tristique mi, vitae consequat dui. Suspendisse euismod faucibus urna vitae ullamcorper. Mauris bibendum vel lectus nec lacinia. Aliquam eu sapien leo. Integer luctus nibh nibh, sit amet accumsan metus tincidunt vel. Integer sed ultrices tortor. Fusce et neque nisl. Suspendisse vehicula, metus quis vulputate gravida, nulla orci finibus dolor, quis consectetur libero velit nec neque. Mauris eget enim quis risus bibendum facilisis.\r\n\r\nFusce ut leo iaculis, commodo magna non, consectetur libero. Sed non sollicitudin justo. Maecenas eget faucibus libero. Nunc rutrum orci et faucibus rutrum. Sed blandit suscipit ornare. Suspendisse potenti. Morbi elit quam, vestibulum aliquam velit et, imperdiet pretium urna. Sed fringilla aliquam vulputate. Morbi euismod ex sit amet libero dapibus viverra. Vivamus mi justo, commodo vitae sodales vel, gravida ac nibh. Etiam dui magna, posuere nec ipsum sit amet, faucibus feugiat nibh. Cras suscipit volutpat velit, vel tincidunt nibh finibus non. Praesent eleifend turpis malesuada tortor commodo consectetur. Morbi vehicula ultricies posuere.\r\n\r\nMaecenas ullamcorper diam augue, at maximus odio vehicula et. Nulla sit amet tristique lacus. Aenean metus orci, facilisis et nunc convallis, aliquam molestie erat. Nunc vel nibh porta, semper risus nec, dapibus felis. Nullam vel metus tristique, venenatis nunc eget, euismod turpis. Proin in ipsum et lorem hendrerit feugiat at vitae lectus. Donec condimentum risus ut dui mollis, sit amet dictum risus porttitor. Vestibulum ante ipsum primis in faucibus orci luctus et ultrices posuere cubilia Curae; Donec elementum est nulla, quis pretium dolor facilisis a. Aliquam bibendum, urna iaculis mattis imperdiet, felis tortor facilisis sem, at egestas nisl mauris vel quam. Etiam facilisis eros vitae libero cursus, rhoncus rhoncus felis laoreet. Phasellus a blandit sapien. Vivamus vitae urna sit amet ante interdum pulvinar.\r\n\r\nDuis arcu enim, cursus nec turpis a, cursus tristique metus. Nam commodo laoreet dolor, blandit luctus diam congue interdum. Maecenas imperdiet, justo id porttitor accumsan, mi purus convallis sapien, id ullamcorper elit neque eu eros. In hendrerit elementum sollicitudin. Fusce pulvinar tincidunt nisi, in dignissim odio laoreet quis. Phasellus dignissim lacus justo, nec sodales ex commodo vel. Pellentesque habitant morbi tristique senectus et netus et malesuada fames ac turpis egestas. Etiam lacinia convallis dui suscipit gravida.\r\n\r\nProin eget lorem placerat, hendrerit elit sit amet, gravida nunc. Quisque ut nisi et justo feugiat faucibus et non metus. Vivamus finibus sapien augue, ut suscipit lorem vestibulum vitae. Donec eu volutpat dui. Aenean tempus scelerisque justo ac porttitor. Proin tristique dui sed suscipit convallis. Nunc vel dolor lacus. Donec ornare risus eu nibh consectetur hendrerit. Vestibulum sagittis suscipit orci vel rhoncus. Ut nec blandit massa. In sit amet diam dolor.', 7, 4, 'cannibal.jpg', '2019-01-17 00:00:00', NULL),
(31, 'Booba/kaaris : La revanche ?', 'Lorem ipsum dolor sit amet, consectetur adipiscing elit. Ut at ultrices elit, eu convallis ligula. Proin eu orci lacus. Sed ullamcorper sit amet est laoreet consequat. Donec in finibus ante, eu tristique turpis. Duis sit amet massa et sem tristique pretium. Nunc hendrerit ligula sit amet felis ultricies, vitae feugiat risus semper. Suspendisse eu tristique mi, vitae consequat dui. Suspendisse euismod faucibus urna vitae ullamcorper. Mauris bibendum vel lectus nec lacinia. Aliquam eu sapien leo. Integer luctus nibh nibh, sit amet accumsan metus tincidunt vel. Integer sed ultrices tortor. Fusce et neque nisl. Suspendisse vehicula, metus quis vulputate gravida, nulla orci finibus dolor, quis consectetur libero velit nec neque. Mauris eget enim quis risus bibendum facilisis.\r\n\r\nFusce ut leo iaculis, commodo magna non, consectetur libero. Sed non sollicitudin justo. Maecenas eget faucibus libero. Nunc rutrum orci et faucibus rutrum. Sed blandit suscipit ornare. Suspendisse potenti. Morbi elit quam, vestibulum aliquam velit et, imperdiet pretium urna. Sed fringilla aliquam vulputate. Morbi euismod ex sit amet libero dapibus viverra. Vivamus mi justo, commodo vitae sodales vel, gravida ac nibh. Etiam dui magna, posuere nec ipsum sit amet, faucibus feugiat nibh. Cras suscipit volutpat velit, vel tincidunt nibh finibus non. Praesent eleifend turpis malesuada tortor commodo consectetur. Morbi vehicula ultricies posuere.\r\n\r\nMaecenas ullamcorper diam augue, at maximus odio vehicula et. Nulla sit amet tristique lacus. Aenean metus orci, facilisis et nunc convallis, aliquam molestie erat. Nunc vel nibh porta, semper risus nec, dapibus felis. Nullam vel metus tristique, venenatis nunc eget, euismod turpis. Proin in ipsum et lorem hendrerit feugiat at vitae lectus. Donec condimentum risus ut dui mollis, sit amet dictum risus porttitor. Vestibulum ante ipsum primis in faucibus orci luctus et ultrices posuere cubilia Curae; Donec elementum est nulla, quis pretium dolor facilisis a. Aliquam bibendum, urna iaculis mattis imperdiet, felis tortor facilisis sem, at egestas nisl mauris vel quam. Etiam facilisis eros vitae libero cursus, rhoncus rhoncus felis laoreet. Phasellus a blandit sapien. Vivamus vitae urna sit amet ante interdum pulvinar.\r\n\r\nDuis arcu enim, cursus nec turpis a, cursus tristique metus. Nam commodo laoreet dolor, blandit luctus diam congue interdum. Maecenas imperdiet, justo id porttitor accumsan, mi purus convallis sapien, id ullamcorper elit neque eu eros. In hendrerit elementum sollicitudin. Fusce pulvinar tincidunt nisi, in dignissim odio laoreet quis. Phasellus dignissim lacus justo, nec sodales ex commodo vel. Pellentesque habitant morbi tristique senectus et netus et malesuada fames ac turpis egestas. Etiam lacinia convallis dui suscipit gravida.\r\n\r\nProin eget lorem placerat, hendrerit elit sit amet, gravida nunc. Quisque ut nisi et justo feugiat faucibus et non metus. Vivamus finibus sapien augue, ut suscipit lorem vestibulum vitae. Donec eu volutpat dui. Aenean tempus scelerisque justo ac porttitor. Proin tristique dui sed suscipit convallis. Nunc vel dolor lacus. Donec ornare risus eu nibh consectetur hendrerit. Vestibulum sagittis suscipit orci vel rhoncus. Ut nec blandit massa. In sit amet diam dolor.', 4, 2, 'booba-kaaris.jpg', '2019-01-09 11:14:00', NULL),
(32, 'Gilets jaunes / Crs : le combat du siècle', 'Lorem ipsum dolor sit amet, consectetur adipiscing elit. Ut at ultrices elit, eu convallis ligula. Proin eu orci lacus. Sed ullamcorper sit amet est laoreet consequat. Donec in finibus ante, eu tristique turpis. Duis sit amet massa et sem tristique pretium. Nunc hendrerit ligula sit amet felis ultricies, vitae feugiat risus semper. Suspendisse eu tristique mi, vitae consequat dui. Suspendisse euismod faucibus urna vitae ullamcorper. Mauris bibendum vel lectus nec lacinia. Aliquam eu sapien leo. Integer luctus nibh nibh, sit amet accumsan metus tincidunt vel. Integer sed ultrices tortor. Fusce et neque nisl. Suspendisse vehicula, metus quis vulputate gravida, nulla orci finibus dolor, quis consectetur libero velit nec neque. Mauris eget enim quis risus bibendum facilisis.\r\n\r\nFusce ut leo iaculis, commodo magna non, consectetur libero. Sed non sollicitudin justo. Maecenas eget faucibus libero. Nunc rutrum orci et faucibus rutrum. Sed blandit suscipit ornare. Suspendisse potenti. Morbi elit quam, vestibulum aliquam velit et, imperdiet pretium urna. Sed fringilla aliquam vulputate. Morbi euismod ex sit amet libero dapibus viverra. Vivamus mi justo, commodo vitae sodales vel, gravida ac nibh. Etiam dui magna, posuere nec ipsum sit amet, faucibus feugiat nibh. Cras suscipit volutpat velit, vel tincidunt nibh finibus non. Praesent eleifend turpis malesuada tortor commodo consectetur. Morbi vehicula ultricies posuere.\r\n\r\nMaecenas ullamcorper diam augue, at maximus odio vehicula et. Nulla sit amet tristique lacus. Aenean metus orci, facilisis et nunc convallis, aliquam molestie erat. Nunc vel nibh porta, semper risus nec, dapibus felis. Nullam vel metus tristique, venenatis nunc eget, euismod turpis. Proin in ipsum et lorem hendrerit feugiat at vitae lectus. Donec condimentum risus ut dui mollis, sit amet dictum risus porttitor. Vestibulum ante ipsum primis in faucibus orci luctus et ultrices posuere cubilia Curae; Donec elementum est nulla, quis pretium dolor facilisis a. Aliquam bibendum, urna iaculis mattis imperdiet, felis tortor facilisis sem, at egestas nisl mauris vel quam. Etiam facilisis eros vitae libero cursus, rhoncus rhoncus felis laoreet. Phasellus a blandit sapien. Vivamus vitae urna sit amet ante interdum pulvinar.\r\n\r\nDuis arcu enim, cursus nec turpis a, cursus tristique metus. Nam commodo laoreet dolor, blandit luctus diam congue interdum. Maecenas imperdiet, justo id porttitor accumsan, mi purus convallis sapien, id ullamcorper elit neque eu eros. In hendrerit elementum sollicitudin. Fusce pulvinar tincidunt nisi, in dignissim odio laoreet quis. Phasellus dignissim lacus justo, nec sodales ex commodo vel. Pellentesque habitant morbi tristique senectus et netus et malesuada fames ac turpis egestas. Etiam lacinia convallis dui suscipit gravida.\r\n\r\nProin eget lorem placerat, hendrerit elit sit amet, gravida nunc. Quisque ut nisi et justo feugiat faucibus et non metus. Vivamus finibus sapien augue, ut suscipit lorem vestibulum vitae. Donec eu volutpat dui. Aenean tempus scelerisque justo ac porttitor. Proin tristique dui sed suscipit convallis. Nunc vel dolor lacus. Donec ornare risus eu nibh consectetur hendrerit. Vestibulum sagittis suscipit orci vel rhoncus. Ut nec blandit massa. In sit amet diam dolor.', 5, 3, 'gilletjaunes.jpg', '2019-01-09 16:44:00', '2019-01-28 10:55:10'),
(33, 'Tuto aiguisage de lame', 'Lorem ipsum dolor sit amet, consectetur adipiscing elit. Ut at ultrices elit, eu convallis ligula. Proin eu orci lacus. Sed ullamcorper sit amet est laoreet consequat. Donec in finibus ante, eu tristique turpis. Duis sit amet massa et sem tristique pretium. Nunc hendrerit ligula sit amet felis ultricies, vitae feugiat risus semper. Suspendisse eu tristique mi, vitae consequat dui. Suspendisse euismod faucibus urna vitae ullamcorper. Mauris bibendum vel lectus nec lacinia. Aliquam eu sapien leo. Integer luctus nibh nibh, sit amet accumsan metus tincidunt vel. Integer sed ultrices tortor. Fusce et neque nisl. Suspendisse vehicula, metus quis vulputate gravida, nulla orci finibus dolor, quis consectetur libero velit nec neque. Mauris eget enim quis risus bibendum facilisis.\r\n\r\nFusce ut leo iaculis, commodo magna non, consectetur libero. Sed non sollicitudin justo. Maecenas eget faucibus libero. Nunc rutrum orci et faucibus rutrum. Sed blandit suscipit ornare. Suspendisse potenti. Morbi elit quam, vestibulum aliquam velit et, imperdiet pretium urna. Sed fringilla aliquam vulputate. Morbi euismod ex sit amet libero dapibus viverra. Vivamus mi justo, commodo vitae sodales vel, gravida ac nibh. Etiam dui magna, posuere nec ipsum sit amet, faucibus feugiat nibh. Cras suscipit volutpat velit, vel tincidunt nibh finibus non. Praesent eleifend turpis malesuada tortor commodo consectetur. Morbi vehicula ultricies posuere.\r\n\r\nMaecenas ullamcorper diam augue, at maximus odio vehicula et. Nulla sit amet tristique lacus. Aenean metus orci, facilisis et nunc convallis, aliquam molestie erat. Nunc vel nibh porta, semper risus nec, dapibus felis. Nullam vel metus tristique, venenatis nunc eget, euismod turpis. Proin in ipsum et lorem hendrerit feugiat at vitae lectus. Donec condimentum risus ut dui mollis, sit amet dictum risus porttitor. Vestibulum ante ipsum primis in faucibus orci luctus et ultrices posuere cubilia Curae; Donec elementum est nulla, quis pretium dolor facilisis a. Aliquam bibendum, urna iaculis mattis imperdiet, felis tortor facilisis sem, at egestas nisl mauris vel quam. Etiam facilisis eros vitae libero cursus, rhoncus rhoncus felis laoreet. Phasellus a blandit sapien. Vivamus vitae urna sit amet ante interdum pulvinar.\r\n\r\nDuis arcu enim, cursus nec turpis a, cursus tristique metus. Nam commodo laoreet dolor, blandit luctus diam congue interdum. Maecenas imperdiet, justo id porttitor accumsan, mi purus convallis sapien, id ullamcorper elit neque eu eros. In hendrerit elementum sollicitudin. Fusce pulvinar tincidunt nisi, in dignissim odio laoreet quis. Phasellus dignissim lacus justo, nec sodales ex commodo vel. Pellentesque habitant morbi tristique senectus et netus et malesuada fames ac turpis egestas. Etiam lacinia convallis dui suscipit gravida.\r\n\r\nProin eget lorem placerat, hendrerit elit sit amet, gravida nunc. Quisque ut nisi et justo feugiat faucibus et non metus. Vivamus finibus sapien augue, ut suscipit lorem vestibulum vitae. Donec eu volutpat dui. Aenean tempus scelerisque justo ac porttitor. Proin tristique dui sed suscipit convallis. Nunc vel dolor lacus. Donec ornare risus eu nibh consectetur hendrerit. Vestibulum sagittis suscipit orci vel rhoncus. Ut nec blandit massa. In sit amet diam dolor.', 3, 1, 'aiguisage.jpg', '2019-01-01 15:12:00', '2019-01-28 10:55:10'),
(34, 'GROSSE BAGARRE LE 31 FÉVRIER A JAUDE !', 'Lorem ipsum dolor sit amet, consectetur adipiscing elit. Ut at ultrices elit, eu convallis ligula. Proin eu orci lacus. Sed ullamcorper sit amet est laoreet consequat. Donec in finibus ante, eu tristique turpis. Duis sit amet massa et sem tristique pretium. Nunc hendrerit ligula sit amet felis ultricies, vitae feugiat risus semper. Suspendisse eu tristique mi, vitae consequat dui. Suspendisse euismod faucibus urna vitae ullamcorper. Mauris bibendum vel lectus nec lacinia. Aliquam eu sapien leo. Integer luctus nibh nibh, sit amet accumsan metus tincidunt vel. Integer sed ultrices tortor. Fusce et neque nisl. Suspendisse vehicula, metus quis vulputate gravida, nulla orci finibus dolor, quis consectetur libero velit nec neque. Mauris eget enim quis risus bibendum facilisis.\r\n\r\nFusce ut leo iaculis, commodo magna non, consectetur libero. Sed non sollicitudin justo. Maecenas eget faucibus libero. Nunc rutrum orci et faucibus rutrum. Sed blandit suscipit ornare. Suspendisse potenti. Morbi elit quam, vestibulum aliquam velit et, imperdiet pretium urna. Sed fringilla aliquam vulputate. Morbi euismod ex sit amet libero dapibus viverra. Vivamus mi justo, commodo vitae sodales vel, gravida ac nibh. Etiam dui magna, posuere nec ipsum sit amet, faucibus feugiat nibh. Cras suscipit volutpat velit, vel tincidunt nibh finibus non. Praesent eleifend turpis malesuada tortor commodo consectetur. Morbi vehicula ultricies posuere.\r\n\r\nMaecenas ullamcorper diam augue, at maximus odio vehicula et. Nulla sit amet tristique lacus. Aenean metus orci, facilisis et nunc convallis, aliquam molestie erat. Nunc vel nibh porta, semper risus nec, dapibus felis. Nullam vel metus tristique, venenatis nunc eget, euismod turpis. Proin in ipsum et lorem hendrerit feugiat at vitae lectus. Donec condimentum risus ut dui mollis, sit amet dictum risus porttitor. Vestibulum ante ipsum primis in faucibus orci luctus et ultrices posuere cubilia Curae; Donec elementum est nulla, quis pretium dolor facilisis a. Aliquam bibendum, urna iaculis mattis imperdiet, felis tortor facilisis sem, at egestas nisl mauris vel quam. Etiam facilisis eros vitae libero cursus, rhoncus rhoncus felis laoreet. Phasellus a blandit sapien. Vivamus vitae urna sit amet ante interdum pulvinar.\r\n\r\nDuis arcu enim, cursus nec turpis a, cursus tristique metus. Nam commodo laoreet dolor, blandit luctus diam congue interdum. Maecenas imperdiet, justo id porttitor accumsan, mi purus convallis sapien, id ullamcorper elit neque eu eros. In hendrerit elementum sollicitudin. Fusce pulvinar tincidunt nisi, in dignissim odio laoreet quis. Phasellus dignissim lacus justo, nec sodales ex commodo vel. Pellentesque habitant morbi tristique senectus et netus et malesuada fames ac turpis egestas. Etiam lacinia convallis dui suscipit gravida.\r\n\r\nProin eget lorem placerat, hendrerit elit sit amet, gravida nunc. Quisque ut nisi et justo feugiat faucibus et non metus. Vivamus finibus sapien augue, ut suscipit lorem vestibulum vitae. Donec eu volutpat dui. Aenean tempus scelerisque justo ac porttitor. Proin tristique dui sed suscipit convallis. Nunc vel dolor lacus. Donec ornare risus eu nibh consectetur hendrerit. Vestibulum sagittis suscipit orci vel rhoncus. Ut nec blandit massa. In sit amet diam dolor.', 5, 3, 'jaude.jpg', '2019-01-27 16:20:00', NULL);

--
-- Contraintes pour les tables déchargées
--

--
-- Contraintes pour la table `posts`
--
ALTER TABLE `posts`
  ADD CONSTRAINT `posts_ibfk_1` FOREIGN KEY (`id_auth`) REFERENCES `authors` (`id`) ON DELETE NO ACTION ON UPDATE NO ACTION,
  ADD CONSTRAINT `posts_ibfk_2` FOREIGN KEY (`id_cat`) REFERENCES `categories` (`id`) ON DELETE NO ACTION ON UPDATE NO ACTION;
COMMIT;

/*!40101 SET CHARACTER_SET_CLIENT=@OLD_CHARACTER_SET_CLIENT */;
/*!40101 SET CHARACTER_SET_RESULTS=@OLD_CHARACTER_SET_RESULTS */;
/*!40101 SET COLLATION_CONNECTION=@OLD_COLLATION_CONNECTION */;
